Sample, Time, ACCX, ACCY, ACCZ, MAGX, MAGY, MAGZ, GYRX, GYRY, GYRZ
0,37408.536000,247.104,19.615,15.938,438.535,274.194,17.412,23.960,-64.490,39.980
1,37408.578000,250.069,21.627,12.949,435.598,271.188,14.397,95.960,-91.490,52.980
2,37408.618000,252.046,27.662,10.957,434.607,269.194,12.389,168.960,-106.490,62.980
3,37408.638000,256.988,27.662,7.969,438.470,269.167,9.455,179.960,-103.490,74.980
4,37408.678000,255.012,25.650,1.992,437.524,272.006,6.574,168.960,-97.490,77.980
5,37408.718000,248.093,14.585,-0.996,435.511,264.198,5.416,125.960,31.510,97.980
6,37408.758000,255.012,24.644,3.984,436.512,268.048,3.542,37.960,-22.490,60.980
7,37408.798000,254.023,25.650,1.992,438.454,268.132,6.490,-28.040,45.510,86.980
8,37408.838000,253.035,21.627,4.981,439.405,266.221,7.430,14.960,27.510,96.980
9,37408.878000,254.023,17.603,6.973,443.308,270.099,5.563,79.960,22.510,114.980
10,37408.918000,251.058,21.627,6.973,445.120,257.496,5.287,47.960,-0.490,105.980
11,37408.938000,251.058,9.556,13.946,443.154,254.543,4.237,-5.040,-37.490,93.980
12,37408.979000,251.058,14.585,9.961,446.095,258.455,4.330,12.960,-79.490,77.980
13,37409.14000,253.035,11.568,7.969,447.062,259.349,0.429,27.960,-107.490,71.980
14,37409.54000,248.093,9.556,10.957,448.028,259.337,-0.550,75.960,-151.490,66.980
15,37409.93000,247.104,-1.509,8.965,449.911,255.343,-6.518,184.960,-200.490,61.980
16,37409.134000,258.965,14.585,2.988,446.951,251.237,-15.442,214.960,-240.490,40.980
17,37409.174000,249.081,5.532,-5.977,447.949,255.065,-18.297,110.960,-243.490,48.980
18,37409.214000,251.058,18.609,-10.957,449.876,255.883,-26.120,175.960,-238.490,38.980
19,37409.258000,258.965,15.591,-17.930,446.913,250.871,-32.121,105.960,-190.490,62.980
20,37409.278000,253.035,4.527,-18.926,445.868,243.957,-37.180,121.960,-111.490,52.980
21,37409.317000,256.000,9.556,-19.922,448.794,245.970,-35.168,99.960,-70.490,56.980
22,37409.356000,251.058,14.585,-6.973,445.854,242.943,-39.164,103.960,-83.490,44.980
23,37409.396000,256.000,9.556,-11.953,450.671,241.912,-44.080,70.960,-121.490,39.980
24,37409.442000,252.046,3.521,-20.918,445.841,242.814,-45.051,5.960,-118.490,20.980
25,37409.477000,253.035,6.538,-13.946,447.755,241.754,-49.974,-1.040,-123.490,-7.020
26,37409.516000,252.046,4.527,-25.899,451.670,246.624,-50.838,1.960,-124.490,4.980
27,37409.557000,257.977,13.580,-35.860,445.851,245.554,-52.835,43.960,-55.490,-2.020
28,37409.577000,256.988,2.515,-26.895,441.943,241.633,-52.931,-94.040,20.510,13.980
29,37409.617000,250.069,2.515,-20.918,447.724,238.820,-51.019,34.960,102.510,-2.020
30,37409.657000,251.058,6.538,-18.926,447.804,245.745,-44.982,12.960,107.510,-9.020
31,37409.697000,255.012,13.580,-13.946,444.862,241.812,-46.056,-16.040,52.510,-49.020
32,37409.737000,250.069,3.521,-13.946,444.878,243.732,-46.994,-10.040,8.510,-62.020
33,37409.778000,249.081,9.556,-11.953,444.935,249.557,-46.864,-77.040,-38.490,-93.020
34,37409.818000,252.046,8.550,-15.938,443.991,251.533,-44.861,-23.040,-67.490,-96.020
35,37409.859000,254.023,16.597,-18.926,443.061,255.407,-44.777,-105.040,-95.490,-100.020
36,37409.879000,251.058,14.585,-18.926,441.098,253.360,-48.749,-128.040,-120.490,-111.020
37,37409.916000,258.965,14.585,-11.953,433.366,254.234,-49.727,-171.040,-172.490,-107.020
38,37409.956000,256.000,3.521,-19.922,436.280,256.139,-52.620,-164.040,-218.490,-158.020
39,37409.996000,253.035,2.515,-8.965,433.470,266.682,-57.296,-174.040,-301.490,-252.020
40,37410.39000,249.081,27.662,-10.957,434.490,273.358,-63.029,-52.040,-462.490,-270.020
41,37410.79000,252.046,30.680,-31.875,426.752,275.937,-74.756,19.960,-520.490,-241.020
42,37410.119000,258.965,32.692,-32.872,419.016,278.537,-85.502,128.960,-570.490,-246.020
43,37410.159000,254.023,46.774,-37.852,411.325,286.854,-101.024,59.960,-649.490,-223.020
44,37410.199000,259.954,63.874,-48.809,409.390,289.467,-113.719,-254.040,-763.490,-107.020
45,37410.219000,280.710,63.874,-49.805,399.730,292.156,-119.564,-435.040,-755.490,-80.020
46,37410.259000,261.931,41.745,-59.767,393.906,292.790,-132.311,-436.040,-624.490,-40.020
47,37410.299000,235.243,31.686,-87.658,389.057,291.751,-133.324,-331.040,-561.490,-50.020
48,37410.337000,225.359,41.745,-104.591,385.230,298.293,-142.994,-129.040,-550.490,-61.020
49,37410.378000,214.486,41.745,-99.611,382.399,305.989,-144.790,-313.040,-448.490,-72.020
50,37410.419000,202.625,38.727,-78.693,379.502,306.888,-146.738,-208.040,-230.490,-108.020
51,37410.459000,197.683,45.768,-69.728,374.681,307.877,-143.784,-58.040,129.510,-105.020
52,37410.501000,198.672,52.809,-58.770,374.690,307.963,-139.860,14.960,401.510,-97.020
53,37410.516000,211.521,38.727,-35.860,376.621,306.191,-133.030,154.960,912.510,-94.020
54,37410.556000,245.127,25.650,-11.953,381.546,311.481,-115.250,418.960,1332.510,-73.020
55,37410.596000,285.652,44.762,-192.249,390.251,307.143,-95.715,484.960,1290.510,36.980
56,37410.639000,222.394,76.951,-360.591,390.220,302.439,-88.955,450.960,284.510,-35.020
57,37410.679000,243.151,74.939,-20.918,396.006,297.922,-76.294,-426.040,786.510,196.980
58,37410.726000,279.722,72.927,-36.856,398.989,302.243,-57.560,-208.040,822.510,152.980
59,37410.759000,247.104,61.862,-21.914,408.609,291.248,-32.286,-578.040,825.510,319.980
60,37410.799000,230.301,9.556,9.961,410.519,285.744,-18.675,-245.040,835.510,347.980
61,37410.819000,229.313,28.668,4.981,418.292,286.143,-3.940,71.960,710.510,275.980
62,37410.859000,235.243,76.951,13.946,421.209,284.553,10.741,-241.040,367.510,119.980
63,37410.895000,244.139,16.597,36.856,420.141,272.138,20.270,-616.040,193.510,134.980
64,37410.935000,240.185,-0.503,28.887,422.121,276.105,23.304,-191.040,73.510,64.980
65,37410.980000,254.023,-6.538,33.868,423.107,277.171,27.252,-63.040,-59.490,35.980
66,37411.19000,253.035,14.585,11.953,427.928,277.068,20.395,282.960,-94.490,24.980
67,37411.59000,256.000,29.674,4.981,426.947,276.044,18.409,162.960,-88.490,-2.020
68,37411.101000,256.000,22.633,0.000,423.056,274.928,13.473,64.960,-23.490,-7.020
69,37411.136000,257.977,22.633,1.992,422.155,281.714,13.622,63.960,-23.490,-45.020
70,37411.157000,249.081,18.609,17.930,422.160,282.642,11.681,104.960,-61.490,-71.020
71,37411.197000,249.081,22.633,17.930,424.055,279.641,6.715,158.960,-123.490,-81.020
72,37411.238000,248.093,31.686,12.949,418.244,280.404,-0.145,110.960,-230.490,-106.020
73,37411.278000,247.104,14.585,12.949,422.143,284.239,-3.974,134.960,-316.490,-140.020
74,37411.317000,252.046,14.585,8.965,415.421,290.818,-10.707,159.960,-394.490,-200.020
75,37411.358000,250.069,27.662,-4.981,413.528,298.242,-25.256,306.960,-481.490,-243.020
76,37411.398000,252.046,28.668,-3.984,407.728,302.630,-43.803,337.960,-592.490,-282.020
77,37411.438000,258.965,55.827,-14.942,399.938,301.196,-61.504,339.960,-666.490,-282.020
78,37411.458000,261.931,66.892,-42.833,394.182,309.532,-77.021,122.960,-676.490,-257.020
79,37411.498000,260.942,60.857,-52.794,385.403,303.471,-84.039,-288.040,-536.490,-195.020
80,37411.538000,237.220,53.815,-57.774,384.544,315.069,-85.745,-309.040,-308.490,-50.020
81,37411.578000,251.058,44.762,-61.759,386.486,316.037,-86.700,-614.040,-359.490,148.980
82,37411.618000,253.035,31.686,-56.778,387.378,307.395,-82.967,-802.040,-410.490,212.980
83,37411.659000,240.185,24.644,-61.759,390.278,306.517,-80.038,-521.040,-296.490,270.980
84,37411.701000,236.232,6.538,-48.809,394.171,309.424,-81.927,-60.040,-29.490,359.980
85,37411.741000,231.290,41.745,-38.848,403.699,294.028,-80.287,601.960,309.510,314.980
86,37411.761000,227.336,71.921,-42.833,401.682,286.177,-83.408,839.960,629.510,208.980
87,37411.800000,225.359,105.116,-91.642,403.659,289.238,-77.452,556.960,631.510,63.980
88,37411.841000,247.104,25.650,-92.638,405.555,284.489,-73.631,-69.040,170.510,-102.020
89,37411.878000,252.046,28.668,-12.949,408.481,286.502,-71.618,66.960,154.510,58.980
90,37411.918000,273.792,8.550,-30.879,409.471,287.612,-65.708,288.960,405.510,43.980
91,37411.958000,258.965,39.733,-30.879,411.392,284.847,-59.881,186.960,341.510,21.980
92,37412.4000,252.046,59.851,-22.911,416.205,281.140,-54.069,-325.040,344.510,87.980
93,37412.39000,250.069,43.756,-12.949,418.185,283.360,-42.248,-179.040,343.510,135.980
94,37412.79000,248.093,29.674,-10.957,418.158,278.700,-33.525,-36.040,317.510,169.980
95,37412.100000,246.116,35.709,-9.961,420.154,283.702,-27.526,-101.040,268.510,137.980
96,37412.137000,253.035,21.627,-7.969,423.004,277.064,-21.784,-311.040,224.510,120.980
97,37412.177000,256.000,11.568,-2.988,421.991,270.452,-13.106,-284.040,207.510,99.980
98,37412.222000,247.104,8.550,4.981,421.081,274.521,-4.192,-231.040,197.510,79.980
99,37412.257000,254.023,8.550,11.953,427.810,269.775,-2.322,117.960,167.510,100.980
100,37412.299000,253.035,19.615,1.992,433.643,272.745,-2.244,256.960,123.510,115.980
101,37412.340000,256.000,19.615,-0.996,430.703,268.833,-2.337,259.960,120.510,158.980
102,37412.381000,253.035,22.633,-0.996,433.535,261.137,-0.540,371.960,233.510,223.980
103,37412.400000,256.988,28.668,0.000,433.521,260.123,-2.524,446.960,245.510,212.980
104,37412.440000,253.035,16.597,1.992,435.424,255.439,4.241,118.960,237.510,160.980
105,37412.481000,251.058,1.509,15.938,434.412,250.597,5.112,-142.040,213.510,71.980
106,37412.520000,252.046,14.585,18.926,440.256,253.674,10.096,-283.040,159.510,-5.020
107,37412.562000,249.081,6.538,19.922,438.353,254.841,19.924,-460.040,83.510,-26.020
108,37412.598000,249.081,3.521,23.907,439.247,246.221,24.638,-307.040,60.510,0.980
109,37412.638000,252.046,9.556,22.911,435.419,250.110,26.677,-97.040,29.510,26.980
110,37412.679000,254.023,27.662,18.926,439.343,255.067,29.738,-82.040,4.510,22.980
111,37412.699000,254.023,8.550,17.930,438.361,253.159,31.655,-177.040,3.510,25.980
112,37412.739000,256.000,8.550,17.930,436.410,251.220,32.588,-244.040,17.510,0.980
113,37412.781000,253.035,4.527,24.903,436.426,252.255,35.553,-326.040,-3.490,-21.020
114,37412.821000,252.046,5.532,18.926,437.327,244.584,39.307,-307.040,-6.490,-16.020
115,37412.859000,251.058,12.574,18.926,436.461,254.348,42.464,-214.040,-41.490,-43.020
116,37412.899000,249.081,3.521,26.895,438.377,252.425,42.426,-199.040,-73.490,-30.020
117,37412.939000,255.012,8.550,19.922,438.306,245.586,40.312,-140.040,-87.490,-39.020
118,37412.981000,256.000,7.544,16.934,438.367,251.454,42.404,-215.040,-84.490,-35.020
119,37413.21000,253.035,12.574,17.930,433.521,250.436,42.371,-145.040,-75.490,-35.020
120,37413.39000,252.046,12.574,16.934,436.439,251.500,45.343,-155.040,-75.490,-14.020
121,37413.78000,253.035,11.568,12.949,434.455,247.490,40.347,-68.040,-68.490,13.980
122,37413.118000,254.023,11.568,13.946,438.370,252.360,39.482,-60.040,-60.490,21.980
123,37413.159000,253.035,8.550,16.934,438.337,248.520,41.358,-76.040,-50.490,18.980
124,37413.199000,249.081,4.527,14.942,435.458,251.361,39.454,3.960,-37.490,15.980
125,37413.241000,252.046,11.568,11.953,436.388,247.487,39.370,-29.040,-38.490,-4.020
126,37413.284000,252.046,10.562,15.938,437.426,254.336,41.485,-82.040,-59.490,-9.020
127,37413.321000,252.046,4.527,16.934,436.390,247.509,40.351,-12.040,-60.490,4.980
128,37413.341000,253.035,7.544,16.934,441.216,247.448,35.457,79.960,-76.490,15.980
129,37413.382000,254.023,8.550,11.953,438.335,249.383,36.474,60.960,-82.490,3.980
130,37413.422000,252.046,12.574,4.981,438.380,254.216,35.601,-30.040,-60.490,-8.020
131,37413.463000,250.069,12.574,11.953,436.426,253.140,31.650,30.960,-74.490,-6.020
132,37413.503000,256.000,11.568,7.969,439.343,255.067,29.738,32.960,-82.490,-3.020
133,37413.538000,253.035,6.538,6.973,437.392,253.128,30.671,27.960,-84.490,-2.020
134,37413.591000,251.058,4.527,8.965,437.347,249.179,27.642,34.960,-87.490,3.980
135,37413.619000,253.035,5.532,8.965,439.268,248.184,25.662,120.960,-98.490,7.980
136,37413.638000,257.977,18.609,-3.984,438.339,253.827,17.940,72.960,-98.490,-6.020
137,37413.679000,254.023,9.556,-0.996,439.266,249.047,20.778,38.960,-58.490,-3.020
138,37413.719000,256.000,14.585,-0.996,436.400,253.765,15.973,59.960,-16.490,-3.020
139,37413.762000,252.046,8.550,1.992,439.246,247.969,15.851,8.960,-7.490,-0.020
140,37413.803000,254.023,11.568,2.988,434.479,254.761,17.953,-17.040,-9.490,-11.020
141,37413.843000,253.035,9.556,3.984,437.384,254.810,18.941,-51.040,-19.490,-13.020
142,37413.883000,252.046,9.556,3.984,437.375,254.724,15.016,-11.040,-28.490,-7.020
143,37413.919000,256.000,11.568,-0.996,434.392,246.886,12.874,-3.040,-18.490,-8.020
144,37413.958000,254.023,14.585,0.996,436.364,249.904,16.868,-10.040,4.510,-4.020
145,37413.979000,250.069,10.562,6.973,434.418,248.892,15.861,38.960,30.510,10.980
146,37414.19000,251.058,12.574,2.988,434.460,253.703,14.007,54.960,-17.490,3.980
147,37414.61000,251.058,9.556,0.996,433.434,246.963,16.797,55.960,-52.490,-3.020
148,37414.101000,255.012,10.562,0.996,436.403,254.672,13.052,43.960,-47.490,1.980
149,37414.143000,256.000,13.580,-0.996,437.278,245.879,9.916,3.960,-46.490,-8.020
150,37414.183000,255.012,11.568,-0.996,435.459,257.532,11.152,-10.040,-32.490,-5.020
151,37414.223000,254.023,13.580,-2.988,437.398,257.594,13.118,14.960,-10.490,-0.020
152,37414.261000,253.035,10.562,-0.996,437.377,255.630,12.094,12.960,4.510,5.980
153,37414.279000,253.035,10.562,0.000,437.391,256.644,14.078,41.960,19.510,5.980
154,37414.322000,253.035,10.562,-0.996,437.394,257.551,11.156,37.960,17.510,-2.020
155,37414.363000,252.046,11.568,-0.996,438.377,258.595,14.123,-33.040,103.510,25.980
156,37414.401000,252.046,12.574,1.992,439.323,255.757,17.004,-5.040,49.510,-20.020
157,37414.441000,252.046,8.550,3.984,435.461,256.669,16.036,-15.040,1.510,-26.020
158,37414.480000,254.023,11.568,4.981,436.426,256.656,15.057,-46.040,-40.490,-58.020
159,37414.519000,253.035,8.550,6.973,435.421,253.648,11.065,4.960,-72.490,-55.020
160,37414.566000,254.023,9.556,2.988,430.626,257.528,13.103,8.960,-110.490,-67.020
161,37414.580000,255.012,7.544,0.996,435.506,262.386,11.260,-9.040,-111.490,-70.020
162,37414.620000,257.977,19.615,-6.973,432.590,261.344,9.269,-61.040,-102.490,-67.020
163,37414.661000,256.988,9.556,-4.981,435.469,259.387,7.270,4.960,-78.490,-52.020
164,37414.702000,257.977,26.656,-8.965,430.674,264.151,5.405,32.960,28.510,-47.020
165,37414.742000,249.081,11.568,3.984,428.706,260.292,7.276,10.960,60.510,-44.020
166,37414.783000,248.093,-15.591,15.938,429.690,262.222,6.340,221.960,-34.490,-58.020
167,37414.823000,247.104,-10.562,17.930,431.676,269.770,-4.275,563.960,-131.490,-64.020
168,37414.863000,243.151,51.804,13.946,430.609,262.641,-19.146,796.960,-256.490,-168.020
169,37414.904000,244.139,36.715,15.938,421.006,272.040,-28.764,-188.040,-654.490,-257.020
170,37414.924000,248.093,-10.562,29.883,419.098,277.566,-41.394,1.960,-831.490,-318.020
171,37414.960000,266.873,20.621,-7.969,406.534,283.721,-64.820,594.960,-971.490,-275.020
172,37415.3000,284.664,93.045,-47.813,400.714,288.800,-96.100,487.960,-1121.490,-251.020
173,37415.44000,307.398,66.892,-43.829,391.966,288.327,-113.781,-261.040,-1011.490,-165.020
174,37415.79000,295.537,27.662,-45.821,385.189,291.734,-132.352,-87.040,-986.490,-258.020
175,37415.120000,234.255,7.544,-83.673,373.615,299.000,-149.867,165.960,-836.490,-206.020
176,37415.161000,199.660,32.692,-123.518,368.767,299.729,-158.687,-77.040,-389.490,-107.020
177,37415.202000,199.660,21.627,-60.763,371.674,299.801,-156.718,-383.040,58.510,88.980
178,37415.222000,240.185,9.556,-26.895,376.559,302.955,-147.812,-330.040,341.510,140.980
179,37415.263000,263.907,10.562,-29.883,383.327,299.461,-133.165,-262.040,517.510,187.980
180,37415.302000,261.931,20.621,-20.918,386.200,293.923,-121.514,-123.040,664.510,305.980
181,37415.343000,259.954,23.639,-27.891,401.628,285.659,-106.955,-153.040,723.510,399.980
182,37415.379000,260.942,22.633,-29.883,409.404,286.080,-91.239,-152.040,688.510,433.980
183,37415.420000,263.907,21.627,-30.879,419.060,281.600,-78.569,-128.040,659.510,416.980
184,37415.464000,256.000,17.603,-28.887,426.732,272.226,-66.993,-70.040,642.510,407.980
185,37415.501000,241.174,22.633,-29.883,432.477,263.782,-56.382,-82.040,665.510,405.980
186,37415.528000,239.197,4.527,-17.930,441.153,256.531,-36.911,-3.040,787.510,378.980
187,37415.563000,240.185,0.503,-17.930,449.785,244.448,-16.567,366.960,1009.510,310.980
188,37415.603000,256.988,-2.515,3.984,450.790,243.939,4.018,921.960,1311.510,232.980
189,37415.643000,242.162,39.733,6.973,457.038,484.255,30.939,1017.960,1566.510,173.980
190,37415.683000,268.849,3.521,-9.961,455.670,239.995,43.167,775.960,1492.510,-13.020
191,37415.728000,234.255,28.668,32.872,447.959,238.431,63.710,766.960,1297.510,190.980
192,37415.764000,208.556,33.697,7.969,453.827,239.976,87.292,130.960,1036.510,388.980
193,37415.800000,224.371,8.550,-12.949,455.732,233.544,102.844,44.960,437.510,164.980
194,37415.842000,219.429,10.562,-31.875,458.540,224.748,98.732,10.960,-131.490,42.980
195,37415.862000,315.305,18.609,189.261,459.527,227.584,94.875,-175.040,-196.490,30.980
196,37415.902000,247.104,-5.532,12.949,461.382,219.793,92.744,-72.040,-336.490,107.980
197,37415.942000,276.757,-24.644,9.961,463.361,228.161,75.282,1335.960,-589.490,81.980
198,37415.983000,254.023,95.057,39.844,469.148,231.562,50.853,319.960,-720.490,-25.020
199,37416.23000,249.081,17.603,25.899,471.964,225.484,37.976,-541.040,-858.490,73.980
200,37416.62000,257.977,1.509,16.934,474.812,223.226,22.241,-281.040,-778.490,82.980
201,37416.100000,241.174,-34.703,20.918,475.743,222.006,10.448,-89.040,-657.490,104.980
202,37416.143000,256.000,-12.574,1.992,478.498,209.175,-0.618,-382.040,-566.490,67.980
203,37416.163000,257.977,6.538,15.938,479.518,215.851,-6.352,-260.040,-503.490,1.980
204,37416.203000,257.977,-19.615,-0.996,482.404,215.729,-13.213,-231.040,-497.490,52.980
205,37416.243000,254.023,-8.550,-21.914,480.494,220.349,-22.921,-22.040,-368.490,3.980
206,37416.282000,260.942,-28.668,28.887,479.473,216.305,-29.878,63.960,-312.490,-43.020
207,37416.323000,255.012,-31.686,6.973,480.446,219.011,-39.622,167.960,-355.490,-57.020
208,37416.363000,262.919,19.615,-39.844,480.452,220.823,-45.466,-201.040,-212.490,-32.020
209,37416.403000,255.012,-5.532,-4.981,481.447,223.745,-45.399,-72.040,-103.490,20.980
210,37416.443000,260.942,9.556,-14.942,480.440,219.831,-46.469,-93.040,-64.490,-0.020
211,37416.470000,243.151,-36.715,-6.973,476.580,220.764,-46.456,-16.040,-78.490,2.980
212,37416.504000,220.417,-74.939,-39.844,478.539,224.537,-52.252,537.960,-72.490,-38.020
213,37416.548000,265.884,56.833,-36.856,478.551,226.414,-55.153,465.960,42.510,-156.020
214,37416.583000,282.687,39.733,-20.918,475.599,220.625,-52.345,142.960,166.510,-76.020
215,37416.625000,272.803,-21.627,0.996,472.724,222.625,-48.384,79.960,299.510,-64.020
216,37416.665000,263.907,31.686,18.926,474.696,225.643,-44.390,421.960,348.510,-143.020
217,37416.704000,268.849,74.939,33.868,473.796,230.682,-35.455,-749.040,82.510,50.980
218,37416.742000,300.479,34.703,17.930,476.719,230.904,-26.618,-618.040,73.510,114.980
219,37416.782000,268.849,50.798,-32.872,479.628,230.112,-19.764,-389.040,272.510,67.980
220,37416.802000,241.174,59.851,-32.872,474.794,228.339,-10.007,294.960,315.510,-215.020
221,37416.841000,226.347,43.756,-70.724,472.050,245.679,-14.531,1348.960,359.510,-517.020
222,37416.880000,235.243,53.815,-151.409,462.405,250.266,-22.295,1354.960,23.510,-682.020
223,37416.922000,211.521,56.833,-165.354,452.875,270.042,-45.412,190.960,-729.490,-912.020
224,37416.963000,231.290,-18.609,-214.163,444.224,281.069,-69.702,-539.040,-1346.490,-515.020
225,37417.3000,260.942,-25.650,-202.210,425.803,284.903,-107.902,-695.040,-2057.490,-285.020
226,37417.43000,262.919,-23.639,-166.350,402.560,291.494,-150.954,-665.040,-2603.490,-211.020
227,37417.83000,243.151,-26.656,-155.393,372.633,306.779,-192.846,-730.040,-2655.490,-146.020
228,37417.103000,245.127,-57.839,-135.471,346.450,307.690,-228.185,-300.040,-2391.490,-5.020
229,37417.144000,231.290,-28.668,-110.568,329.020,310.001,-247.783,-121.040,-2180.490,139.980
230,37417.183000,223.382,-6.538,-74.708,306.691,307.282,-273.388,-5.040,-1742.490,347.980
231,37417.224000,215.475,0.503,-42.833,289.102,293.110,-292.372,55.960,-1409.490,377.980
232,37417.265000,199.660,-5.532,-79.689,281.245,284.858,-311.204,537.960,-746.490,502.980
233,37417.305000,211.521,-1.509,-66.739,285.904,268.228,-319.409,553.960,-197.490,556.980
234,37417.342000,226.347,23.639,-36.856,302.263,258.744,-316.643,89.960,523.510,476.980
235,37417.385000,226.347,78.963,7.969,315.822,257.258,-301.938,-1005.040,1104.510,305.980
236,37417.406000,340.015,5.532,71.720,341.363,286.758,-251.215,-1835.040,1866.510,54.980
237,37417.445000,374.610,-64.880,-12.949,367.610,287.336,-192.307,-235.040,2715.510,160.980
238,37417.487000,442.811,-40.739,-153.401,382.085,282.731,-187.476,1085.960,590.510,-211.020
239,37417.527000,222.394,184.582,-112.560,396.485,268.590,-175.011,-36.040,1134.510,510.980
240,37417.563000,346.934,-65.886,-55.782,409.057,263.384,-152.545,-825.040,660.510,198.980
241,37417.603000,289.606,-26.656,-30.879,413.856,258.663,-148.717,740.960,656.510,190.980
242,37417.643000,256.000,60.857,-48.809,416.624,245.077,-149.993,1264.960,611.510,118.980
243,37417.683000,264.896,134.287,-66.739,421.428,242.169,-152.009,342.960,300.510,160.980
244,37417.723000,259.954,4.527,-79.689,427.168,233.682,-143.359,-245.040,283.510,220.980
245,37417.742000,253.035,6.538,-60.763,433.970,234.028,-130.588,-548.040,298.510,126.980
246,37417.787000,241.174,-2.515,-28.887,433.039,236.133,-122.698,-470.040,177.510,108.980
247,37417.827000,242.162,-23.639,-29.883,434.008,235.279,-117.812,-267.040,-22.490,69.980
248,37417.867000,240.185,-19.615,-52.794,435.969,238.189,-118.724,71.960,-64.490,-0.020
249,37417.907000,243.151,21.627,-57.774,431.140,239.976,-123.598,67.960,-116.490,-34.020
250,37417.944000,251.058,16.597,-55.782,428.247,240.919,-123.583,-179.040,-223.490,-42.020
251,37417.985000,252.046,26.656,-69.728,432.131,242.855,-125.493,-213.040,-254.490,-32.020
252,37418.27000,249.081,6.538,-64.747,423.488,250.429,-130.246,-102.040,-236.490,-39.020
253,37418.47000,240.185,-0.503,-64.747,427.347,250.359,-135.143,-16.040,-256.490,-37.020
254,37418.82000,226.347,-35.709,-72.716,417.598,245.151,-147.047,338.960,-304.490,-96.020
255,37418.123000,225.359,23.639,-65.743,419.466,240.122,-155.981,418.960,-488.490,-141.020
256,37418.168000,255.012,58.845,-69.728,409.769,240.696,-169.718,-122.040,-785.490,-185.020
257,37418.204000,292.571,14.585,-80.685,398.235,251.867,-186.165,74.960,-834.490,-218.020
258,37418.247000,287.629,45.768,-95.626,386.653,258.183,-202.721,254.960,-807.490,-334.020
259,37418.287000,269.838,39.733,-87.658,375.086,265.513,-217.292,-104.040,-820.490,-283.020
260,37418.327000,256.000,31.686,-82.677,359.587,266.053,-230.062,-161.040,-837.490,-214.020
261,37418.367000,248.093,38.727,-81.681,353.891,278.488,-235.682,-432.040,-846.490,-111.020
262,37418.394000,222.394,36.715,-98.615,338.446,283.947,-245.400,-705.040,-1020.490,-97.020
263,37418.424000,235.243,-53.815,-199.222,318.254,299.024,-256.876,-421.040,-1315.490,-300.020
264,37418.464000,223.382,-11.568,-149.416,297.895,299.301,-279.468,276.960,-1366.490,-232.020
265,37418.504000,174.950,0.503,-81.681,284.322,299.773,-296.157,-44.040,-902.490,24.980
266,37418.544000,163.089,-4.527,-61.759,273.573,289.831,-302.284,68.960,-276.490,182.980
267,37418.584000,147.274,3.521,-52.794,290.037,290.164,-294.397,285.960,779.510,318.980
268,37418.624000,147.274,6.538,-91.642,307.332,275.986,-284.868,424.960,1530.510,457.980
269,37418.664000,171.985,77.957,-123.518,337.353,273.927,-259.354,88.960,2010.510,416.980
270,37418.684000,225.359,46.774,-205.198,368.359,271.165,-222.085,-566.040,2041.510,390.980
271,37418.724000,405.251,332.448,-462.195,364.589,279.131,-211.128,-1641.040,-1323.490,-962.020
272,37418.767000,41.514,-47.780,-20.918,353.984,284.659,-219.854,910.960,-268.490,-233.020
273,37418.807000,200.649,7.544,5.977,366.427,272.052,-225.011,1234.960,787.510,60.980
274,37418.847000,273.792,69.910,-162.366,366.454,273.196,-217.140,43.960,588.510,-99.020
275,37418.887000,241.174,-66.892,-123.518,365.603,283.111,-207.115,-894.040,-129.490,-157.020
276,37418.928000,211.521,49.792,-124.514,368.381,269.611,-204.467,139.960,213.510,329.980
277,37418.968000,219.429,58.845,-103.595,370.315,268.746,-200.560,-194.040,148.510,152.980
278,37418.988000,199.660,20.621,-141.447,377.211,279.685,-191.476,-268.040,234.510,114.980
279,37419.28000,218.440,24.644,-115.549,382.977,274.089,-183.743,-23.040,348.510,125.980
280,37419.65000,227.336,2.515,-109.572,386.762,264.505,-180.025,357.960,525.510,55.980
281,37419.105000,253.035,-26.656,-88.654,391.624,266.558,-177.027,504.960,567.510,87.980
282,37419.145000,232.278,47.780,-65.743,394.458,258.000,-170.347,300.960,488.510,117.980
283,37419.185000,284.664,15.591,-50.802,398.306,255.189,-167.459,654.960,383.510,96.980
284,37419.225000,276.757,75.945,-66.739,404.009,245.473,-170.605,855.960,349.510,147.980
285,37419.265000,256.000,18.609,-108.576,407.874,243.698,-164.752,-233.040,202.510,177.980
286,37419.285000,250.069,-19.615,-106.584,410.716,235.226,-154.147,-136.040,422.510,157.980
287,37419.327000,248.093,-4.527,-76.700,415.590,237.387,-146.243,159.960,613.510,47.980
288,37419.367000,234.255,-10.562,-55.782,416.559,235.649,-137.454,187.960,586.510,54.980
289,37419.407000,251.058,-3.521,-54.786,425.296,236.899,-128.582,139.960,562.510,120.980
290,37419.447000,242.162,28.668,-42.833,432.059,233.362,-115.897,150.960,515.510,100.980
291,37419.487000,251.058,42.750,-24.903,432.985,226.812,-105.253,-423.040,527.510,167.980
292,37419.528000,245.127,0.503,-26.895,434.980,230.046,-91.448,-757.040,211.510,107.980
293,37419.568000,243.151,-25.650,-30.879,439.873,235.034,-87.405,-551.040,-32.490,70.980
294,37419.604000,249.081,-32.692,-56.778,438.837,226.437,-80.733,-463.040,47.510,31.980
295,37419.623000,258.965,4.527,-52.794,437.021,237.249,-73.632,-118.040,210.510,56.980
296,37419.664000,249.081,-31.686,-31.875,441.839,233.585,-65.858,27.960,302.510,70.980
297,37419.704000,252.046,-17.603,-15.938,441.770,225.883,-63.087,319.960,337.510,49.980
298,37419.745000,249.081,32.692,-17.930,441.820,230.759,-61.998,305.960,212.510,-27.020
299,37419.785000,249.081,33.697,-21.914,445.710,232.760,-60.965,-139.040,72.510,-15.020
300,37419.827000,251.058,-9.556,-12.949,440.866,231.764,-60.016,16.960,-58.490,-24.020
301,37419.868000,251.058,-23.639,-10.957,440.807,225.917,-61.127,40.960,-64.490,-5.020
302,37419.904000,255.012,-13.580,-32.872,441.745,223.877,-66.074,425.960,33.510,-43.020
303,37419.924000,258.965,1.509,-31.875,440.840,229.757,-63.003,176.960,37.510,-76.020
304,37419.969000,244.139,43.756,-26.895,443.793,235.546,-65.810,80.960,61.510,-59.020
305,37420.8000,262.919,-13.580,-34.864,440.843,229.779,-62.022,-115.040,111.510,75.980
306,37420.48000,250.069,-7.544,-31.875,441.767,224.977,-60.165,285.960,210.510,57.980
307,37420.88000,244.139,59.851,-2.988,441.821,229.896,-57.114,-575.040,19.510,115.980
308,37420.129000,258.965,-60.857,-21.914,442.713,222.139,-57.284,-495.040,-32.490,139.980
309,37420.165000,259.954,-29.674,-33.868,440.870,230.038,-50.248,353.960,155.510,-10.020
310,37420.207000,277.745,-47.780,-40.840,446.648,226.319,-45.415,221.960,347.510,-63.020
311,37420.247000,252.046,-6.538,-14.942,445.734,230.344,-38.463,586.960,543.510,-147.020
312,37420.266000,257.977,27.662,24.903,440.887,228.441,-34.593,473.960,349.510,-112.020
313,37420.307000,264.896,39.733,58.770,445.716,226.654,-29.719,-258.040,32.510,81.980
314,37420.348000,268.849,-28.668,68.732,444.778,230.442,-33.560,-73.040,-129.490,218.980
315,37420.387000,247.104,8.550,75.704,455.351,223.728,-34.667,-164.040,-36.490,354.980
316,37420.427000,253.035,2.515,74.708,450.485,219.884,-30.840,-275.040,131.510,89.980
317,37420.467000,242.162,1.509,75.704,451.487,221.101,-20.024,-84.040,562.510,-132.020
318,37420.508000,260.942,-10.562,71.720,451.532,222.417,-4.304,159.960,852.510,-108.020
319,37420.548000,255.012,-2.515,61.759,450.626,224.759,14.379,417.960,1050.510,-75.020
320,37420.568000,243.151,14.585,54.786,451.653,227.099,32.085,220.960,1063.510,-76.020
321,37420.608000,226.347,1.509,37.852,456.565,229.627,56.668,-128.040,1169.510,30.980
322,37420.648000,224.371,-12.574,6.973,453.674,225.305,82.063,65.960,1050.510,108.980
323,37420.688000,210.533,-21.627,-6.973,447.890,224.558,94.783,489.960,839.510,19.980
324,37420.728000,200.649,6.538,-33.868,450.922,238.157,94.110,1613.960,520.510,-116.020
325,37420.768000,195.707,79.969,-58.770,449.975,243.628,78.539,1212.960,-81.490,-180.020
326,37420.808000,338.039,28.668,196.233,451.905,243.603,76.582,-793.040,-270.490,160.980
327,37420.847000,274.780,-50.798,-9.961,455.657,231.063,78.272,-1330.040,-549.490,86.980
328,37420.872000,256.988,-86.004,47.813,456.519,221.256,73.153,114.960,-611.490,71.980
329,37420.907000,248.093,-28.668,56.778,461.394,229.588,52.755,553.960,-629.490,78.980
330,37420.965000,248.093,20.621,9.961,464.239,227.308,36.039,341.960,-601.490,26.980
331,37420.989000,248.093,39.733,25.899,466.147,227.952,20.366,181.960,-646.490,28.980
332,37421.28000,252.046,3.521,31.875,467.085,227.681,7.614,346.960,-599.490,101.980
333,37421.67000,255.012,0.503,22.911,465.051,220.543,-7.259,249.960,-522.490,101.980
334,37421.108000,262.919,18.609,11.953,467.854,213.451,-22.120,133.960,-511.490,64.980
335,37421.153000,255.012,17.603,10.957,466.009,224.867,-31.677,-50.040,-536.490,10.980
336,37421.169000,254.023,5.532,2.988,464.968,219.745,-43.561,-208.040,-545.490,32.980
337,37421.208000,255.012,8.550,3.984,466.873,218.599,-52.409,-265.040,-502.490,-57.020
338,37421.249000,257.977,-30.680,-8.965,463.006,220.352,-59.242,-383.040,-425.490,-46.020
339,37421.289000,254.023,-33.697,-16.934,462.995,219.359,-60.245,-34.040,-225.490,-66.020
340,37421.328000,254.023,13.580,-6.973,462.108,228.929,-65.919,178.960,-229.490,-93.020
341,37421.367000,255.012,-5.532,-2.988,461.144,230.710,-72.746,77.960,-317.490,-18.020
342,37421.409000,259.954,10.562,-2.988,463.014,226.587,-84.601,23.960,-356.490,-63.020
343,37421.449000,256.988,37.721,-21.914,456.240,227.384,-89.501,-31.040,-335.490,-52.020
344,37421.489000,262.919,-17.603,-30.879,458.208,232.128,-95.276,-111.040,-261.490,38.980
345,37421.509000,256.000,-19.615,-29.883,459.118,227.175,-100.287,79.960,-154.490,-35.020
346,37421.557000,253.035,5.532,-46.817,456.232,229.067,-101.232,-102.040,15.510,-2.020
347,37421.592000,253.035,-36.715,-37.852,460.141,232.125,-96.252,383.960,221.510,-52.020
348,37421.627000,255.012,22.633,-28.887,454.292,227.236,-95.393,480.960,352.510,-146.020
349,37421.668000,259.954,29.674,5.977,455.299,230.265,-90.420,358.960,315.510,-132.020
350,37421.710000,256.000,23.639,-0.996,455.296,229.359,-87.498,142.960,178.510,-125.020
351,37421.747000,272.803,45.768,-20.918,455.397,239.133,-84.339,100.960,167.510,-128.020
352,37421.787000,263.907,107.128,-27.891,456.367,239.164,-83.355,-228.040,205.510,-68.020
353,37421.808000,281.699,132.275,-18.926,456.375,237.481,-71.625,-850.040,192.510,-7.020
354,37421.850000,308.386,31.686,4.981,454.492,239.727,-56.869,-599.040,315.510,-44.020
355,37421.890000,217.452,22.633,-88.654,453.703,256.395,-48.655,1146.960,537.510,-548.020
356,37421.930000,194.718,107.128,-222.132,445.002,259.892,-62.325,1494.960,154.510,-787.020
357,37421.969000,203.614,51.804,-154.397,437.367,272.265,-69.912,-847.040,-851.490,-503.020
358,37422.10000,236.232,9.556,-162.366,424.894,285.454,-82.394,-1708.040,-1347.490,-220.020
359,37422.50000,259.954,-36.715,-170.335,418.158,291.904,-95.014,-1597.040,-1971.490,-187.020
360,37422.90000,259.954,-51.804,-152.405,399.841,303.785,-120.286,-1052.040,-2223.490,-235.020
361,37422.132000,261.931,-33.697,-128.498,382.419,310.584,-156.456,-322.040,-2138.490,-205.020
362,37422.145000,247.104,-22.633,-114.553,359.178,314.544,-186.818,-289.040,-2029.490,-124.020
363,37422.187000,249.081,-30.680,-106.584,337.871,316.753,-209.369,-386.040,-1799.490,24.980
364,37422.238000,230.301,-14.585,-110.568,323.408,324.119,-221.004,-439.040,-1617.490,147.980
365,37422.267000,233.266,-14.585,-101.603,314.612,317.023,-230.987,-456.040,-1467.490,245.980
366,37422.307000,221.405,3.521,-97.619,306.893,322.427,-246.573,-188.040,-1166.490,238.980
367,37422.347000,220.417,12.574,-81.681,299.102,320.971,-265.255,2.960,-905.490,208.980
368,37422.392000,201.637,22.633,-63.751,297.009,306.238,-272.451,407.960,-450.490,305.980
369,37422.430000,221.405,33.697,-66.739,297.837,294.339,-284.481,395.960,-124.490,370.980
370,37422.447000,244.139,39.733,-24.903,312.355,294.545,-281.504,-129.040,349.510,515.980
371,37422.490000,216.463,20.621,-50.802,328.765,287.305,-264.959,-626.040,722.510,553.980
372,37422.529000,249.081,10.562,-29.883,345.277,289.860,-244.273,-682.040,1388.510,540.980
373,37422.570000,276.757,52.809,2.988,374.371,289.064,-205.003,-708.040,1913.510,507.980
374,37422.610000,115.645,221.800,-492.078,398.506,275.599,-166.025,36.960,1466.510,173.980
375,37422.647000,222.394,-141.328,-95.626,400.560,285.564,-155.012,484.960,628.510,-92.020
376,37422.688000,244.139,71.921,-105.588,413.940,270.033,-161.213,1097.960,834.510,318.980
377,37422.728000,307.398,-83.992,-30.879,421.661,264.650,-144.645,-667.040,448.510,220.980
378,37422.748000,289.606,-45.768,-31.875,427.479,264.836,-138.744,56.960,531.510,287.980
379,37422.788000,249.081,77.957,-44.825,430.320,257.226,-133.023,263.960,266.510,145.980
380,37422.829000,304.432,81.980,-21.914,434.962,238.676,-140.290,692.960,27.510,136.980
381,37422.869000,242.162,-5.532,-105.588,430.143,240.571,-140.258,-41.040,-18.490,149.980
382,37422.909000,239.197,22.633,-109.572,432.144,246.501,-136.199,-98.040,179.510,77.980
383,37422.948000,248.093,19.615,-74.708,438.857,240.720,-137.294,-106.040,184.510,45.980
384,37422.989000,236.232,-18.609,-67.735,437.962,245.802,-126.396,-252.040,108.510,45.980
385,37423.30000,230.301,-26.656,-68.732,437.931,241.984,-123.539,159.960,120.510,4.980
386,37423.50000,228.324,-12.574,-67.735,439.901,245.864,-124.429,380.960,117.510,-10.020
387,37423.92000,255.012,50.798,-59.767,436.987,244.844,-125.439,-177.040,-53.490,-19.020
388,37423.132000,250.069,13.580,-68.732,440.866,245.852,-125.408,-168.040,-92.490,2.980
389,37423.172000,246.116,6.538,-75.704,434.104,246.757,-125.402,-98.040,-112.490,-13.020
390,37423.208000,236.232,13.580,-71.720,433.075,240.879,-127.496,-30.040,-117.490,-49.020
391,37423.248000,223.382,2.515,-73.712,434.062,243.715,-131.354,-5.040,-197.490,-51.020
392,37423.288000,221.405,-28.668,-66.739,429.254,248.350,-139.106,250.960,-293.490,-103.020
393,37423.328000,258.965,40.739,-77.696,431.199,251.109,-146.886,128.960,-386.490,-153.020
394,37423.379000,271.815,47.780,-74.708,418.571,247.858,-156.792,157.960,-564.490,-234.020
395,37423.388000,286.641,47.780,-68.732,409.873,252.261,-173.384,362.960,-629.490,-337.020
396,37423.428000,283.676,32.692,-87.658,399.304,262.534,-186.907,2.960,-765.490,-357.020
397,37423.469000,252.046,5.532,-96.623,389.699,271.912,-197.506,-52.040,-746.490,-334.020
398,37423.522000,244.139,14.585,-98.615,381.052,280.327,-208.125,-65.040,-677.490,-279.020
399,37423.553000,227.336,34.703,-100.607,367.518,282.935,-215.941,-191.040,-693.490,-225.020
400,37423.588000,226.347,49.792,-81.681,354.039,291.347,-224.609,-220.040,-781.490,-215.020
401,37423.628000,266.873,15.591,-87.658,346.281,291.983,-236.379,-268.040,-884.490,-224.020
402,37423.668000,208.556,-0.503,-178.303,332.835,304.235,-246.923,-109.040,-798.490,-231.020
403,37423.688000,219.429,-15.591,-225.121,304.683,299.518,-272.584,329.960,-1402.490,-315.020
404,37423.729000,212.510,10.562,-185.276,287.315,306.835,-285.207,22.960,-1387.490,-235.020
405,37423.769000,172.973,33.697,-68.732,273.767,308.429,-295.006,-394.040,-685.490,-188.020
406,37423.809000,152.216,-12.574,-67.735,266.122,317.177,-290.906,-145.040,-43.490,-48.020
407,37423.850000,132.448,0.503,-105.588,282.481,307.694,-288.140,786.960,856.510,313.980
408,37423.890000,118.610,90.028,-131.486,298.767,291.349,-288.468,1044.960,1280.510,364.980
409,37423.932000,150.239,82.986,-186.272,321.870,275.502,-269.158,197.960,1482.510,253.980
410,37423.970000,180.880,36.715,-215.160,333.499,274.040,-252.495,-253.040,1503.510,315.980
411,37423.992000,192.741,54.821,-217.152,354.879,278.692,-226.849,-286.040,1386.510,319.980
412,37424.33000,240.185,260.024,-484.109,348.158,281.754,-216.989,-1068.040,-686.490,-572.020
413,37424.73000,105.761,-32.692,-49.805,348.177,284.581,-220.849,334.960,27.510,113.980
414,37424.113000,285.652,-11.568,-68.732,360.733,278.338,-201.347,-394.040,850.510,208.980
415,37424.153000,242.162,-32.692,-160.374,369.529,283.687,-182.578,-405.040,713.510,121.980
416,37424.193000,203.614,28.668,-164.358,373.453,288.644,-179.517,24.960,212.510,206.980
417,37424.233000,208.556,51.804,-102.599,375.345,282.967,-173.755,-385.040,293.510,161.980
418,37424.273000,209.544,51.804,-113.556,384.084,284.239,-163.902,292.960,428.510,129.980
419,37424.313000,228.324,83.992,-95.626,384.975,275.597,-160.169,413.960,486.510,43.980
420,37424.333000,265.884,-20.621,-76.700,390.639,261.090,-160.480,1037.960,521.510,22.980
421,37424.371000,235.243,0.503,-80.685,392.574,261.994,-164.378,1195.960,500.510,26.980
422,37424.412000,261.931,81.980,-64.747,398.380,260.303,-155.577,-49.040,310.510,135.980
423,37424.453000,269.838,16.597,-87.658,401.277,259.403,-153.630,326.960,279.510,110.980
424,37424.489000,257.977,7.544,-97.619,405.107,255.536,-154.688,187.960,374.510,146.980
425,37424.529000,242.162,7.544,-103.595,411.826,247.166,-141.131,74.960,571.510,102.980
426,37424.569000,254.023,-0.503,-81.681,414.743,246.461,-130.353,238.960,716.510,96.980
427,37424.609000,242.162,-32.692,-53.790,425.405,244.989,-113.692,468.960,843.510,91.980
428,37424.629000,239.197,50.798,-42.833,426.341,241.180,-110.832,824.960,866.510,92.980
429,37424.669000,251.058,6.538,-15.938,430.127,230.732,-102.230,217.960,491.510,118.980
430,37424.709000,254.023,-36.715,17.930,435.016,235.677,-100.149,560.960,256.510,55.980
431,37424.750000,256.988,84.998,-36.856,433.013,227.956,-97.383,-274.040,175.510,63.980
432,37424.803000,255.012,6.538,-39.844,435.017,233.045,-87.459,-686.040,210.510,118.980
433,37424.833000,240.185,-46.774,-33.868,437.973,236.223,-76.595,-66.040,205.510,50.980
434,37424.874000,254.023,-4.527,-25.899,439.815,226.555,-75.825,47.960,181.510,-29.020
435,37424.908000,250.069,-15.591,-19.922,438.866,227.602,-71.881,-51.040,141.510,-22.020
436,37424.929000,249.081,-30.680,-18.926,437.883,226.557,-74.848,205.960,74.510,-21.020
437,37424.971000,253.035,-22.633,-27.891,437.937,232.361,-75.700,519.960,60.510,-55.020
438,37425.13000,261.931,3.521,-35.860,436.949,230.388,-76.727,570.960,262.510,-28.020
439,37425.52000,249.081,14.585,-25.899,440.797,227.578,-73.839,354.960,358.510,-2.020
440,37425.90000,255.012,17.603,-24.903,442.726,225.785,-67.991,-38.040,277.510,-4.020
441,37425.132000,255.012,2.515,-10.957,438.887,227.797,-63.051,50.960,272.510,24.980
442,37425.172000,251.058,-11.568,3.984,443.801,234.748,-57.983,93.960,211.510,2.980
443,37425.212000,255.012,9.556,-1.992,437.973,231.822,-56.099,31.960,167.510,-12.020
444,37425.252000,255.012,22.633,-8.965,440.880,231.893,-54.130,112.960,170.510,-73.020
445,37425.273000,245.127,36.715,-6.973,441.783,224.243,-49.394,-329.040,134.510,20.980
446,37425.309000,265.884,-49.792,-8.965,442.775,225.375,-42.502,-135.040,211.510,48.980
447,37425.350000,255.012,11.568,-23.907,440.939,234.223,-36.426,282.960,351.510,-113.020
448,37425.390000,262.919,35.709,4.981,441.884,230.500,-29.642,-296.040,292.510,-80.020
449,37425.430000,270.826,-1.509,24.903,443.894,236.517,-21.659,-235.040,219.510,-8.020
450,37425.472000,265.884,9.556,36.856,442.923,234.716,-14.836,-1.040,84.510,-14.020
451,37425.512000,259.954,-31.686,71.720,443.863,232.698,-18.802,-54.040,-27.490,19.980
452,37425.552000,270.826,4.527,72.716,441.000,236.575,-17.741,-147.040,-112.490,6.980
453,37425.572000,256.000,-9.556,94.630,445.849,237.614,-16.727,-204.040,41.510,114.980
454,37425.612000,229.313,17.603,78.693,447.762,233.900,-9.941,-240.040,346.510,99.980
455,37425.653000,238.208,-4.527,69.728,442.867,224.490,5.531,6.960,616.510,4.980
456,37425.693000,242.162,0.503,63.751,449.723,231.524,13.546,333.960,775.510,-62.020
457,37425.733000,231.290,13.580,58.770,446.868,233.718,26.338,219.960,943.510,-30.020
458,37425.773000,219.429,8.550,30.879,445.971,235.262,52.848,-198.040,938.510,28.980
459,37425.812000,222.394,-5.532,37.852,449.881,235.688,70.518,-469.040,875.510,158.980
460,37425.852000,206.579,2.515,20.918,447.864,221.667,95.699,-460.040,782.510,210.980
461,37425.872000,217.452,-13.580,-0.996,444.985,220.991,110.388,-67.040,538.510,110.980
462,37425.912000,233.266,-18.609,-6.973,443.988,218.932,105.437,922.960,34.510,-109.020
463,37425.952000,244.139,-42.750,-7.969,444.079,232.136,88.078,890.960,-467.490,78.980
464,37425.993000,280.710,23.639,55.782,450.808,230.023,77.258,-295.040,-523.490,85.980
465,37426.33000,254.023,-2.515,46.817,453.674,228.822,65.470,-265.040,-711.490,23.980
466,37426.77000,265.884,-35.709,25.899,454.516,219.705,47.617,466.960,-618.490,93.980
467,37426.113000,246.116,6.538,28.887,456.474,225.226,33.034,392.960,-591.490,56.980
468,37426.154000,252.046,19.615,29.883,459.293,219.170,21.138,-173.040,-584.490,50.980
469,37426.190000,248.093,13.580,21.914,460.273,221.941,14.337,19.960,-562.490,112.980
470,37426.213000,263.907,15.591,14.942,458.266,217.715,-0.471,90.960,-573.490,122.980
471,37426.253000,253.035,-27.662,17.930,462.060,212.618,-13.325,-52.040,-587.490,59.980
472,37426.292000,261.931,-11.568,0.996,460.122,215.210,-27.001,170.960,-474.490,-8.020
473,37426.332000,254.023,23.639,11.953,461.078,215.996,-35.807,126.960,-398.490,-56.020
474,37426.372000,258.965,8.550,1.992,459.146,217.768,-42.637,-335.040,-414.490,6.980
475,37426.413000,261.931,10.562,2.988,460.060,212.858,-45.686,-538.040,-298.490,4.980
476,37426.450000,243.151,-16.597,-1.992,455.209,211.797,-47.681,-419.040,-330.490,7.980
477,37426.493000,256.988,-30.680,-4.981,457.142,212.679,-52.561,-75.040,-303.490,-10.020
478,37426.513000,253.035,-17.603,9.961,455.229,216.393,-59.347,53.960,-257.490,-43.020
479,37426.554000,256.988,-12.574,-23.907,458.174,222.117,-65.097,231.960,-204.490,-6.020
480,37426.595000,250.069,4.527,-19.922,458.071,212.322,-69.238,121.960,-120.490,4.980
481,37426.635000,260.942,10.562,-12.949,458.121,217.198,-68.149,-302.040,-63.490,13.980
482,37426.674000,256.988,28.668,-8.965,458.062,211.351,-69.259,-302.040,-24.490,20.980
483,37426.712000,262.919,19.615,-24.903,455.272,221.204,-61.201,-459.040,-53.490,-34.020
484,37426.752000,242.162,3.521,-20.918,459.139,221.220,-62.173,-410.040,-87.490,23.980
485,37426.793000,251.058,-94.051,-24.903,460.135,224.142,-62.106,78.960,35.510,68.980
486,37426.813000,237.220,5.532,-43.829,461.036,216.471,-58.352,113.960,158.510,-23.020
487,37426.853000,293.560,42.750,14.942,461.111,223.353,-54.277,-189.040,149.510,-32.020
488,37426.892000,309.375,42.750,49.805,456.229,218.473,-53.414,-161.040,-87.490,-22.020
489,37426.932000,317.282,64.880,12.949,461.154,228.164,-56.131,-560.040,-269.490,28.980
490,37426.972000,290.595,48.786,-27.891,461.132,224.432,-49.349,-440.040,49.510,-34.020
491,37427.15000,216.463,62.868,-63.751,460.166,222.675,-40.564,41.960,422.510,-153.020
492,37427.55000,186.811,71.921,-116.545,463.181,229.952,-19.803,-275.040,744.510,-152.020
493,37427.95000,209.544,-15.591,-155.393,463.356,244.839,-4.762,374.960,810.510,-498.020
494,37427.132000,203.614,24.644,-226.117,449.956,260.176,-7.392,1155.960,567.510,-850.020
495,37427.152000,211.521,1.509,-180.296,439.396,272.305,-24.797,399.960,-641.490,-847.020
496,37427.192000,259.954,-10.562,-155.393,427.851,284.252,-50.053,117.960,-1437.490,-515.020
497,37427.237000,297.514,52.809,-115.549,411.427,292.226,-77.369,-1366.040,-2102.490,-103.020
498,37427.273000,296.525,-72.927,-153.401,392.966,289.523,-103.946,-1408.040,-2537.490,10.980
499,37427.314000,295.537,-56.833,-147.424,382.359,301.199,-141.955,-781.040,-2686.490,78.980
500,37427.362000,268.849,-26.656,-100.607,369.694,299.351,-176.346,-1053.040,-2632.490,123.980
501,37427.395000,244.139,-13.580,-95.626,358.143,308.601,-191.855,-977.040,-2318.490,112.980
502,37427.435000,202.625,47.780,-134.475,339.766,313.751,-214.335,-961.040,-1904.490,35.980
503,37427.455000,208.556,-9.556,-102.599,317.604,326.716,-232.726,-294.040,-1547.490,-113.020
504,37427.494000,179.892,-33.697,-34.864,303.919,317.307,-257.481,683.960,-845.490,43.980
505,37427.534000,198.672,1.509,-28.887,296.080,310.997,-276.270,886.960,-167.490,75.980
506,37427.574000,228.324,45.768,20.918,304.549,286.789,-277.770,341.960,704.510,50.980
507,37427.614000,259.954,4.527,28.887,326.986,300.231,-249.966,-436.040,1446.510,230.980
508,37427.654000,373.622,-49.792,33.868,344.414,297.013,-227.445,-435.040,2235.510,408.980
509,37427.694000,382.517,14.585,55.782,378.286,288.648,-181.468,-74.040,2569.510,362.980
510,37427.734000,183.846,279.136,-492.078,388.064,295.905,-164.616,-454.040,-234.490,-208.020
511,37427.774000,103.784,250.971,-41.837,400.398,269.922,-160.263,1189.960,1168.510,492.980
512,37427.795000,285.652,-113.163,-77.696,406.243,270.367,-142.589,74.960,746.510,243.980
513,37427.835000,410.193,-56.833,9.961,412.926,261.652,-144.730,1203.960,703.510,79.980
514,37427.875000,209.544,174.523,-31.875,411.839,251.697,-155.740,1746.960,237.510,60.980
515,37427.915000,264.896,-20.621,-76.700,415.553,238.790,-170.729,657.960,-50.490,214.980
516,37427.955000,256.988,-30.680,-95.626,414.505,230.970,-172.866,144.960,-88.490,14.980
517,37427.997000,238.208,21.627,-87.658,413.531,230.012,-171.908,68.960,109.510,-76.020
518,37428.35000,240.185,95.057,-60.763,416.536,239.835,-167.761,0.960,64.510,-36.020
519,37428.77000,247.104,60.857,-81.681,416.576,242.855,-162.791,-536.040,19.510,85.980
520,37428.97000,249.081,-21.627,-67.735,413.647,239.051,-157.978,-874.040,-86.490,41.980
521,37428.137000,232.278,-22.633,-66.739,414.708,247.885,-153.857,-287.040,-110.490,-13.020
522,37428.178000,221.405,-33.697,-71.720,413.715,245.869,-156.846,64.960,-152.490,-62.020
523,37428.213000,221.405,33.697,-75.704,408.874,247.548,-166.626,309.960,-316.490,-149.020
524,37428.253000,242.162,37.721,-79.689,406.910,246.364,-175.482,225.960,-371.490,-129.020
525,37428.293000,236.232,9.556,-82.677,403.060,250.922,-187.157,300.960,-492.490,-175.020
526,37428.333000,241.174,24.644,-74.708,394.221,241.646,-207.975,414.960,-630.490,-267.020
527,37428.373000,300.479,49.792,-87.658,382.642,247.099,-219.647,388.960,-784.490,-349.020
528,37428.393000,310.363,41.745,-84.669,368.137,251.424,-237.233,194.960,-976.490,-353.020
529,37428.433000,322.224,8.550,-99.611,356.593,261.624,-253.702,60.960,-1070.490,-244.020
530,37428.474000,280.710,-49.792,-106.584,345.901,261.045,-275.312,449.960,-1008.490,-144.020
531,37428.514000,234.255,35.709,-93.634,325.450,249.866,-289.333,401.960,-1044.490,-43.020
532,37428.554000,233.266,76.951,-114.553,312.158,275.926,-289.763,-1813.040,-1144.490,278.980
533,37428.594000,209.544,28.668,-219.144,291.064,293.388,-280.594,-1857.040,-1526.490,82.980
534,37428.645000,194.718,-24.644,-120.529,281.539,309.691,-285.155,-720.040,-1419.490,130.980
535,37428.675000,163.089,-2.515,-59.767,270.813,303.503,-297.083,404.960,-720.490,264.980
536,37428.715000,140.355,49.792,-50.802,277.422,288.790,-307.203,931.960,172.510,308.980
537,37428.735000,110.703,76.951,-78.693,287.959,277.330,-303.512,80.960,684.510,212.980
538,37428.775000,128.494,27.662,-153.401,305.477,283.778,-282.738,-78.040,1227.510,107.980
539,37428.815000,140.355,46.774,-192.249,325.873,286.500,-256.157,-107.040,1477.510,116.980
540,37428.855000,149.251,66.892,-247.035,339.428,284.970,-243.414,-79.040,1420.510,150.980
541,37428.895000,166.054,34.703,-202.210,356.886,283.802,-215.944,-125.040,1183.510,232.980
542,37428.938000,79.073,180.558,-445.261,369.456,279.459,-198.362,197.960,877.510,112.980
543,37428.978000,174.950,-80.974,-125.510,358.977,296.766,-200.942,-10.040,112.510,-338.020
544,37429.13000,167.042,10.562,-86.661,365.550,275.559,-197.476,1408.960,1002.510,-36.020
545,37429.34000,326.178,-60.857,-254.008,370.423,278.584,-194.457,602.960,571.510,-51.020
546,37429.74000,226.347,51.804,-90.646,376.107,265.156,-189.840,360.960,560.510,223.980
547,37429.114000,238.208,50.798,-82.677,381.941,266.378,-180.974,-443.040,452.510,163.980
548,37429.157000,234.255,34.703,-98.615,389.682,264.705,-172.169,527.960,569.510,69.980
549,37429.197000,245.127,26.656,-85.665,394.493,260.977,-167.339,780.960,613.510,69.980
550,37429.237000,244.139,47.780,-72.716,400.212,251.411,-163.616,577.960,517.510,45.980
551,37429.275000,284.664,43.756,-54.786,405.953,244.693,-162.773,527.960,401.510,41.980
552,37429.318000,237.220,8.550,-98.615,405.957,243.852,-156.907,255.960,360.510,90.980
553,37429.335000,243.151,-0.503,-84.669,407.905,244.000,-151.016,301.960,471.510,56.980
554,37429.377000,246.116,21.627,-53.790,412.728,241.264,-145.182,228.960,488.510,20.980
555,37429.417000,255.012,17.603,-53.790,417.567,240.448,-140.287,38.960,373.510,27.980
556,37429.457000,251.058,6.538,-62.755,418.508,236.682,-135.465,-86.040,309.510,34.980
557,37429.497000,244.139,-0.503,-51.798,424.330,236.026,-123.700,-106.040,292.510,2.980
558,37429.538000,242.162,9.556,-58.770,421.470,239.925,-121.658,137.960,316.510,-24.020
559,37429.578000,243.151,6.538,-60.763,423.415,239.167,-112.845,63.960,325.510,-11.020
560,37429.618000,237.220,-0.503,-37.852,426.285,235.355,-110.962,58.960,314.510,-12.020
561,37429.658000,247.104,-15.591,-39.844,432.133,238.475,-104.016,155.960,217.510,-23.020
562,37429.677000,259.954,-14.585,-46.817,431.196,241.400,-102.972,348.960,286.510,14.980
563,37429.717000,254.023,25.650,-48.809,429.164,229.882,-96.367,61.960,378.510,48.980
564,37429.758000,254.023,15.591,-33.868,432.103,232.024,-88.468,195.960,426.510,100.980
565,37429.797000,253.035,-0.503,-6.973,435.041,235.030,-85.453,205.960,211.510,60.980
566,37429.835000,252.046,-12.574,-33.868,436.962,234.035,-87.433,314.960,148.510,-22.020
567,37429.875000,251.058,9.556,-17.930,439.866,234.084,-86.445,198.960,164.510,-50.020
568,37429.919000,248.093,17.603,-21.914,436.914,228.296,-83.638,338.960,95.510,-51.020
569,37429.955000,256.000,36.715,-29.883,436.027,236.981,-85.408,54.960,74.510,-87.020
570,37429.975000,255.012,20.621,-26.895,435.958,228.394,-78.734,-96.040,86.510,-23.020
571,37430.14000,250.069,27.662,-37.852,438.860,228.422,-78.727,-181.040,184.510,74.980
572,37430.53000,258.965,-15.591,-21.914,440.855,232.540,-68.825,-272.040,260.510,62.980
573,37430.98000,247.104,11.568,-0.996,441.792,228.731,-65.966,-36.040,280.510,-6.020
574,37430.138000,255.012,-42.750,3.984,442.834,235.623,-61.888,-360.040,94.510,-1.020
575,37430.178000,264.896,-72.927,-0.996,439.894,230.826,-58.078,210.960,62.510,-103.020
576,37430.215000,262.919,-4.527,-18.926,439.004,239.490,-60.830,456.960,154.510,-216.020
577,37430.255000,266.873,48.786,21.914,437.950,231.606,-65.910,112.960,-86.490,-85.020
578,37430.277000,305.421,43.756,38.848,435.091,236.389,-67.771,-86.040,-177.490,122.980
579,37430.317000,268.849,45.768,43.829,436.992,232.567,-65.891,-448.040,-128.490,217.980
580,37430.357000,249.081,-16.597,73.712,439.934,234.731,-57.011,-630.040,172.510,316.980
581,37430.397000,241.174,28.668,60.763,438.988,234.053,-43.298,-759.040,500.510,125.980
582,37430.438000,233.266,21.627,63.751,445.777,230.753,-19.821,-562.040,871.510,-67.020
583,37430.478000,234.255,-0.503,51.798,442.996,238.060,4.851,-85.040,1091.510,-89.020
584,37430.519000,234.255,1.509,37.852,440.212,245.324,27.562,401.960,1095.510,-19.020
585,37430.558000,238.208,12.574,50.802,438.286,241.875,48.075,206.960,1140.510,1.980
586,37430.597000,231.290,-22.633,26.895,434.495,246.109,65.813,-314.040,1111.510,14.980
587,37430.617000,241.174,-33.697,40.840,436.392,236.958,90.131,-589.040,890.510,238.980
588,37430.657000,218.440,-40.739,24.903,431.509,226.792,115.392,-435.040,822.510,257.980
589,37430.698000,207.568,-5.532,1.992,435.375,224.155,126.129,-166.040,464.510,186.980
590,37430.738000,185.822,8.550,-22.911,436.317,221.273,127.047,12.960,55.510,160.980
591,37430.778000,229.313,-41.745,33.868,438.185,218.013,110.308,829.960,-626.490,24.980
592,37430.818000,273.792,36.715,48.809,442.145,228.601,104.667,733.960,-7.490,146.980
593,37430.855000,264.896,-48.786,32.872,443.967,221.370,83.917,653.960,-859.490,76.980
594,37430.897000,247.104,-11.568,36.856,446.870,228.454,51.718,1543.960,-784.490,82.980
595,37430.919000,231.290,-7.544,55.782,450.743,233.799,28.309,572.960,-760.490,28.980
596,37430.958000,221.405,30.680,20.918,448.749,231.450,10.601,-153.040,-754.490,-72.020
597,37431.2000,278.734,70.916,-3.984,450.598,226.248,-6.182,-174.040,-818.490,-14.020
598,37431.38000,258.965,30.680,0.000,452.530,229.762,-23.752,157.960,-512.490,121.980
599,37431.78000,263.907,-20.621,0.000,450.539,223.918,-23.886,-345.040,-443.490,48.980
600,37431.118000,253.035,-3.521,10.957,449.628,230.618,-27.662,-140.040,-357.490,-62.020
601,37431.159000,252.046,-3.521,16.934,451.486,224.618,-36.617,127.960,-309.490,-46.020
602,37431.197000,250.069,8.550,6.973,445.746,233.105,-45.267,48.960,-289.490,-62.020
603,37431.215000,254.023,-7.544,5.977,445.684,228.100,-52.242,305.960,-217.490,-43.020
604,37431.258000,250.069,3.521,14.942,446.659,230.828,-61.006,221.960,-278.490,-59.020
605,37431.295000,251.058,-10.562,6.973,443.684,224.823,-68.010,274.960,-314.490,-81.020
606,37431.334000,263.907,30.680,-12.949,441.842,235.376,-72.683,163.960,-216.490,-10.020
607,37431.377000,256.000,-8.550,-13.946,441.777,230.349,-80.640,134.960,-138.490,13.980
608,37431.420000,249.081,-9.556,-12.949,440.767,226.413,-82.691,61.960,-98.490,8.980
609,37431.454000,259.954,8.550,-9.961,440.779,228.290,-85.591,172.960,-109.490,-91.020
610,37431.497000,256.000,11.568,-22.911,438.922,236.944,-88.345,130.960,-36.490,-99.020
611,37431.539000,260.942,50.798,-38.848,442.775,234.177,-83.495,-194.040,107.510,-24.020
612,37431.560000,260.942,125.234,-18.926,441.873,239.195,-75.540,-757.040,229.510,-52.020
613,37431.597000,276.757,-93.045,10.957,442.855,236.701,-56.961,-917.040,152.510,143.980
614,37431.637000,293.560,-10.562,33.868,439.961,236.759,-53.043,-29.040,119.510,-137.020
615,37431.679000,318.270,34.703,16.934,439.100,247.451,-51.827,-323.040,120.510,-129.020
616,37431.719000,256.988,83.992,-44.825,440.092,247.698,-41.032,-342.040,234.510,-161.020
617,37431.759000,207.568,45.768,-138.459,440.088,247.655,-42.994,101.960,-132.490,-242.020
618,37431.799000,226.347,36.715,-238.070,434.395,261.881,-55.439,765.960,-803.490,-560.020
619,37431.840000,216.463,76.951,-208.187,421.813,268.749,-90.617,714.960,-1402.490,-646.020
620,37431.860000,238.208,23.639,-222.132,398.672,285.113,-130.510,-601.040,-2307.490,-521.020
621,37431.900000,248.093,9.556,-208.187,374.480,291.868,-165.714,-842.040,-2649.490,-338.020
622,37431.940000,232.278,-10.562,-185.276,354.201,303.472,-202.765,-753.040,-2683.490,-175.020
623,37431.979000,216.463,-22.633,-164.358,325.141,306.361,-235.124,-537.040,-2459.490,-107.020
624,37432.20000,237.220,-32.692,-128.498,300.968,314.172,-266.382,-342.040,-2159.490,-28.020
625,37432.58000,243.151,-22.633,-98.615,282.518,309.808,-280.247,-326.040,-1818.490,56.980
626,37432.98000,222.394,-9.556,-65.743,265.127,316.024,-298.779,-179.040,-1319.490,120.980
627,37432.139000,217.452,-49.792,-53.790,248.656,316.511,-313.512,-157.040,-848.490,165.980
628,37432.158000,222.394,-36.715,-39.844,246.582,302.836,-316.762,298.960,-68.490,282.980
629,37432.199000,221.405,4.527,-24.903,252.311,294.241,-313.018,43.960,454.510,375.980
630,37432.239000,241.174,29.674,-19.922,275.519,289.958,-297.374,-251.040,982.510,504.980
631,37432.279000,283.676,25.650,-18.926,287.152,288.539,-278.748,-575.040,1590.510,679.980
632,37432.320000,305.421,43.756,-25.899,323.944,284.776,-245.412,-470.040,1935.510,718.980
633,37432.360000,314.317,16.597,-52.794,354.863,274.140,-213.221,146.960,2087.510,597.980
634,37432.397000,161.112,244.935,-492.078,372.209,263.090,-193.816,711.960,1418.510,169.980
635,37432.437000,196.695,-48.786,-35.860,375.172,268.102,-187.815,504.960,726.510,236.980
636,37432.458000,265.884,-2.515,-105.588,379.853,250.803,-182.305,0.960,597.510,317.980
637,37432.499000,281.699,-35.709,-44.825,386.683,254.947,-173.373,219.960,532.510,239.980
638,37432.540000,252.046,38.727,-78.693,390.476,245.449,-165.730,429.960,567.510,166.980
639,37432.580000,332.108,172.511,10.957,394.196,231.722,-173.873,1186.960,291.510,40.980
640,37432.620000,241.174,-16.597,-80.685,396.091,227.835,-174.935,-65.040,-60.490,267.980
641,37432.660000,249.081,-35.709,-87.658,399.893,221.055,-176.059,45.960,-6.490,157.980
642,37432.700000,256.000,-12.574,-84.669,398.984,226.893,-174.950,51.960,75.510,-10.020
643,37432.742000,225.359,-14.585,-72.716,400.841,219.123,-176.099,340.960,55.510,-9.020
644,37432.777000,243.151,32.692,-78.693,401.861,224.915,-177.930,14.960,-39.490,-14.020
645,37432.797000,240.185,6.538,-75.704,398.919,220.981,-179.004,242.960,-16.490,17.980
646,37432.838000,241.174,17.603,-80.685,398.949,223.915,-177.958,-6.040,-37.490,-17.020
647,37432.878000,239.197,21.627,-71.720,398.971,226.763,-180.837,-124.040,-44.490,35.980
648,37432.918000,235.243,-6.538,-62.755,397.961,222.827,-182.888,82.960,-180.490,-8.020
649,37432.958000,247.104,12.574,-57.774,394.944,212.896,-191.941,31.960,-374.490,-68.020
650,37432.998000,250.069,16.597,-86.661,390.157,219.494,-198.669,-1.040,-499.490,-119.020
651,37433.38000,248.093,42.750,-87.658,382.442,224.057,-208.391,-88.040,-541.490,-110.020
652,37433.78000,269.838,27.662,-92.638,377.618,226.772,-215.205,-183.040,-640.490,-142.020
653,37433.98000,275.768,34.703,-79.689,368.999,238.985,-229.662,-154.040,-760.490,-249.020
654,37433.138000,272.803,49.792,-85.665,358.359,241.535,-241.396,-422.040,-878.490,-258.020
655,37433.178000,253.035,27.662,-116.545,344.945,256.742,-249.913,-414.040,-857.490,-261.020
656,37433.219000,235.243,-25.650,-126.506,339.104,254.572,-257.818,-322.040,-675.490,-227.020
657,37433.259000,275.768,-0.503,-72.716,328.625,270.994,-256.495,-393.040,-449.490,-143.020
658,37433.299000,188.788,62.868,-123.518,324.847,280.644,-257.270,-674.040,-599.490,-113.020
659,37433.339000,208.556,-42.750,-217.152,310.391,288.960,-269.864,-62.040,-1145.490,-281.020
660,37433.377000,217.452,-28.668,-200.218,293.843,282.543,-289.655,381.960,-1271.490,-196.020
661,37433.403000,211.521,10.562,-47.813,275.491,287.930,-301.342,73.960,-826.490,13.980
662,37433.440000,194.718,28.668,-59.767,278.393,287.958,-301.335,-154.040,-369.490,108.980
663,37433.480000,175.938,10.562,-61.759,277.482,292.889,-297.305,-201.040,157.510,255.980
664,37433.520000,169.019,1.509,-103.595,296.743,282.549,-290.629,492.960,858.510,508.980
665,37433.560000,155.181,74.939,-145.432,321.692,259.709,-281.277,1084.960,1359.510,477.980
666,37433.600000,176.927,46.774,-160.374,341.962,250.652,-260.841,393.960,1621.510,334.980
667,37433.642000,171.985,52.809,-179.300,370.115,253.622,-226.393,-266.040,1726.510,192.980
668,37433.678000,43.490,365.642,-492.078,362.577,272.209,-216.190,-1085.040,-749.490,-962.020
669,37433.698000,69.189,-196.652,-58.770,357.731,272.960,-224.028,1158.960,-9.490,-290.020
670,37433.742000,230.301,68.904,-230.101,368.113,248.555,-235.336,1238.960,682.510,-130.020
671,37433.779000,250.069,-49.792,-57.774,372.869,239.022,-229.653,-496.040,458.510,10.980
672,37433.820000,236.232,-12.574,-108.576,373.934,245.245,-211.861,-155.040,422.510,87.980
673,37433.860000,205.591,65.886,-98.615,381.758,253.174,-207.746,92.960,436.510,13.980
674,37433.900000,211.521,120.204,-93.634,385.564,246.437,-206.907,427.960,508.510,20.980
675,37433.940000,277.745,23.639,-75.704,392.313,241.002,-192.303,236.960,492.510,169.980
676,37433.979000,253.035,-19.615,-97.619,398.068,235.298,-189.476,75.960,417.510,158.980
677,37434.19000,245.127,-17.603,-91.642,403.844,231.557,-185.624,247.960,470.510,12.980
678,37434.39000,228.324,-14.585,-88.654,405.853,237.574,-177.641,411.960,498.510,-16.020
679,37434.78000,261.931,84.998,-64.747,408.703,230.935,-171.898,546.960,501.510,-50.020
680,37434.118000,258.965,59.851,-66.739,415.425,224.356,-165.165,17.960,400.510,52.980
681,37434.163000,249.081,-7.544,-80.685,418.311,222.464,-164.221,234.960,432.510,33.980
682,37434.198000,234.255,1.509,-72.716,422.177,220.711,-157.387,161.960,453.510,1.980
683,37434.239000,235.243,-4.527,-62.755,421.263,223.852,-146.532,263.960,476.510,-11.020
684,37434.283000,256.000,32.692,-31.875,426.116,224.934,-143.555,237.960,403.510,-24.020
685,37434.323000,262.919,15.591,-8.965,426.104,222.173,-136.752,-162.040,178.510,10.980
686,37434.343000,257.977,19.615,-69.728,429.945,218.413,-132.905,-187.040,167.510,66.980
687,37434.383000,265.884,6.538,-56.778,431.946,222.596,-120.059,-554.040,361.510,101.980
688,37434.423000,244.139,21.627,-50.802,436.834,224.887,-106.269,-597.040,288.510,57.980
689,37434.463000,253.035,-12.574,-27.891,434.924,225.990,-99.384,-392.040,250.510,49.980
690,37434.503000,255.012,-21.627,-32.872,434.954,228.039,-94.435,-177.040,276.510,13.980
691,37434.542000,251.058,-7.544,-14.942,439.810,228.259,-86.574,-44.040,255.510,-22.020
692,37434.580000,240.185,-0.503,-11.953,438.776,221.454,-86.728,81.960,40.510,-43.020
693,37434.618000,252.046,8.550,-29.883,435.940,228.221,-86.583,113.960,-37.490,-52.020
694,37434.642000,241.174,15.591,-11.953,438.764,220.461,-87.730,-144.040,-69.490,34.980
695,37434.682000,255.012,-28.668,-25.899,438.821,227.171,-91.504,273.960,-158.490,-36.020
696,37434.723000,256.000,-35.709,-30.879,438.824,228.077,-94.426,409.960,-83.490,-112.020
697,37434.762000,244.139,3.521,-26.895,436.833,223.118,-98.463,248.960,-90.490,-65.020
698,37434.803000,275.768,31.686,-17.930,427.138,222.829,-107.315,111.960,-115.490,-85.020
699,37434.843000,290.595,21.627,-36.856,429.076,223.754,-110.233,-6.040,-185.490,2.980
700,37434.883000,295.537,21.627,-33.868,430.112,231.466,-113.001,-26.040,-184.490,52.980
701,37434.923000,298.502,11.568,46.817,433.915,222.054,-101.434,-824.040,211.510,278.980
702,37434.963000,261.931,14.585,67.735,437.915,232.145,-85.511,-1075.040,589.510,245.980
703,37434.983000,255.012,-5.532,67.735,442.737,224.123,-55.279,-563.040,1027.510,255.980
704,37435.24000,234.255,29.674,56.778,444.730,224.703,-29.765,-80.040,1256.510,237.980
705,37435.60000,236.232,42.750,16.934,447.740,229.283,0.744,202.960,1415.510,15.980
706,37435.103000,222.394,38.727,4.981,446.868,232.834,30.241,115.960,1370.510,-206.020
707,37435.143000,220.417,9.556,16.934,436.324,236.311,60.696,168.960,1531.510,-156.020
708,37435.182000,251.058,-17.603,24.903,436.379,238.598,76.438,193.960,1314.510,42.980
709,37435.222000,206.579,40.739,7.969,429.618,234.239,101.824,-215.040,1021.510,111.980
710,37435.262000,242.162,-48.786,-9.961,429.634,230.873,125.285,-1290.040,480.510,107.980
711,37435.280000,222.394,-65.886,-34.864,432.488,223.393,136.893,-506.040,157.510,40.980
712,37435.322000,312.340,-77.957,186.272,434.344,217.371,126.957,154.960,-501.490,3.980
713,37435.363000,303.444,-94.051,176.311,434.345,220.025,115.248,890.960,13.510,205.980
714,37435.403000,256.988,116.181,99.611,436.367,232.320,99.834,695.960,-408.490,13.980
715,37435.453000,281.699,37.721,38.848,435.325,226.312,91.853,-644.040,-828.490,14.980
716,37435.480000,238.208,-151.387,38.848,445.928,225.165,79.102,243.960,-761.490,73.980
717,37435.520000,234.255,-52.809,61.759,443.937,224.607,54.569,721.960,-629.490,-8.020
718,37435.560000,252.046,9.556,28.887,447.700,217.460,36.766,382.960,-653.490,38.980
719,37435.602000,274.780,117.187,6.973,447.769,228.679,17.402,139.960,-802.490,-97.020
720,37435.622000,260.942,49.792,4.981,450.639,227.521,7.576,-834.040,-855.490,9.980
721,37435.660000,256.000,5.532,-14.942,449.707,232.258,2.775,-851.040,-666.490,-116.020
722,37435.700000,259.954,0.503,-10.957,448.747,233.198,1.814,-958.040,-521.490,-53.020
723,37435.740000,251.058,-37.721,0.000,449.611,223.412,-2.324,-315.040,-331.490,23.980
724,37435.780000,248.093,-49.792,-3.984,448.687,229.983,-11.987,0.960,-270.490,-9.020
725,37435.823000,249.081,-22.633,-9.961,445.795,231.810,-15.875,222.960,-288.490,-46.020
726,37435.869000,252.046,-2.515,-11.953,446.728,230.612,-26.687,415.960,-321.490,-112.020
727,37435.903000,257.977,13.580,5.977,445.703,227.409,-39.509,339.960,-340.490,-103.020
728,37435.927000,251.058,-6.538,-23.907,444.812,236.051,-43.242,107.960,-326.490,-85.020
729,37435.962000,251.058,-44.762,-17.930,442.802,230.035,-51.225,629.960,-142.490,-49.020
730,37436.2000,247.104,4.527,-38.848,440.913,236.618,-59.909,684.960,-39.490,-108.020
731,37436.42000,263.907,58.845,-18.926,442.888,241.426,-62.740,221.960,42.510,-86.020
732,37436.82000,260.942,33.697,-22.911,441.909,240.425,-63.745,89.960,65.510,-65.020
733,37436.119000,263.907,-2.515,-20.918,441.902,238.591,-58.882,-68.040,102.510,-62.020
734,37436.160000,266.873,9.556,-5.977,440.934,238.581,-58.884,-51.040,165.510,-130.020
735,37436.200000,291.583,56.833,21.914,435.162,241.480,-56.871,-6.040,110.510,-130.020
736,37436.220000,296.525,67.898,10.957,440.981,241.666,-50.970,-307.040,-20.490,-26.020
737,37436.260000,283.676,66.892,-23.907,439.158,252.413,-46.813,-123.040,140.510,-90.020
738,37436.312000,197.683,53.815,-100.607,439.185,252.672,-35.039,197.960,321.510,-329.020
739,37436.344000,182.857,46.774,-166.350,430.576,264.087,-41.669,791.960,160.510,-588.020
740,37436.384000,217.452,52.809,-185.276,421.974,278.220,-57.064,339.960,-448.490,-645.020
741,37436.424000,212.510,31.686,-162.366,412.385,286.863,-56.892,-876.040,-882.490,-634.020
742,37436.463000,244.139,-16.597,-218.148,401.853,301.905,-74.232,-921.040,-1675.490,-428.020
743,37436.503000,271.815,-22.633,-205.198,389.248,304.156,-98.726,-618.040,-2188.490,-282.020
744,37436.523000,257.977,-1.509,-167.346,375.629,305.060,-139.922,-301.040,-2421.490,-263.020
745,37436.563000,247.104,-14.585,-153.401,352.462,318.534,-178.898,-436.040,-2460.490,-191.020
746,37436.603000,255.012,-12.574,-134.475,332.156,326.362,-211.129,-885.040,-2378.490,-85.020
747,37436.644000,223.382,-23.639,-110.568,317.625,327.795,-227.799,-681.040,-2018.490,42.980
748,37436.684000,225.359,-21.627,-107.580,294.364,328.044,-250.398,-252.040,-1685.490,108.980
749,37436.723000,214.486,-25.650,-56.778,277.736,312.932,-268.420,167.960,-1074.490,260.980
750,37436.764000,185.822,2.515,0.000,267.959,305.697,-284.292,643.960,-387.490,376.980
751,37436.803000,229.313,11.568,27.891,277.520,293.256,-280.625,242.960,569.510,459.980
752,37436.843000,246.116,-8.550,35.860,298.731,281.317,-259.271,115.960,1332.510,557.980
753,37436.863000,293.560,21.627,51.798,327.673,267.619,-233.036,5.960,2353.510,531.980
754,37436.903000,361.761,52.809,-66.739,351.897,266.452,-208.495,281.960,2708.510,454.980
755,37436.944000,360.772,-95.057,-63.751,357.629,256.131,-194.982,1085.960,672.510,257.980
756,37436.984000,355.830,143.340,-20.918,370.216,253.708,-178.338,-528.040,888.510,508.980
757,37437.24000,275.768,117.187,-42.833,377.933,249.166,-167.636,226.960,625.510,209.980
758,37437.64000,260.942,5.532,-44.825,379.794,239.671,-159.016,-69.040,250.510,173.980
759,37437.104000,249.081,-1.509,-86.661,382.670,236.808,-158.093,233.960,144.510,122.980
760,37437.144000,238.208,-8.550,-106.584,383.664,239.708,-159.008,146.960,228.510,29.980
761,37437.164000,249.081,3.521,-82.677,387.445,229.217,-152.368,261.960,314.510,-34.020
762,37437.204000,242.162,-26.656,-61.759,385.536,231.205,-149.386,237.960,305.510,51.980
763,37437.244000,227.336,-2.515,-64.747,390.411,235.136,-149.288,768.960,291.510,4.980
764,37437.284000,248.093,18.609,-54.786,389.291,221.340,-158.423,800.960,55.510,-39.020
765,37437.324000,262.919,86.004,-69.728,389.283,222.138,-166.250,650.960,-119.490,-99.020
766,37437.364000,257.977,38.727,-74.708,386.393,224.872,-173.060,23.960,-275.490,-97.020
767,37437.404000,237.220,3.521,-61.759,380.584,224.772,-175.036,32.960,-429.490,-107.020
768,37437.444000,248.093,-5.532,-66.739,375.722,225.372,-189.743,454.960,-600.490,-197.020
769,37437.464000,279.722,38.727,-81.681,368.884,222.911,-210.406,523.960,-753.490,-274.020
770,37437.503000,247.104,24.644,-83.673,352.395,222.341,-229.086,307.960,-875.490,-228.020
771,37437.545000,312.340,64.880,-96.623,341.741,224.762,-246.706,255.960,-940.490,-211.020
772,37437.585000,322.224,70.916,-87.658,331.134,232.037,-264.219,-275.040,-988.490,-124.020
773,37437.625000,279.722,64.880,-63.751,322.501,240.582,-268.951,-832.040,-1188.490,-36.020
774,37437.665000,262.919,22.633,-66.739,307.137,252.988,-271.650,-1186.040,-1116.490,147.980
775,37437.705000,220.417,-31.686,-203.206,300.493,266.471,-273.326,-1108.040,-1168.490,-1.020
776,37437.743000,193.730,-19.615,-186.272,279.270,276.533,-291.780,-1.040,-1432.490,-183.020
777,37437.783000,155.181,4.527,-136.467,267.669,280.023,-304.476,-424.040,-1299.490,-12.020
778,37437.802000,115.645,-2.515,-122.521,251.341,292.441,-306.196,-525.040,-883.490,96.980
779,37437.842000,117.622,-28.668,-116.545,255.290,299.404,-300.149,-482.040,-305.490,350.980
780,37437.882000,80.062,22.633,-94.630,268.787,293.797,-296.322,-118.040,647.510,415.980
781,37437.922000,105.761,56.833,-142.444,289.028,283.596,-283.757,156.960,1192.510,357.980
782,37437.962000,157.158,43.756,-168.342,313.276,286.183,-265.016,239.960,1626.510,207.980
783,37438.7000,191.753,39.733,-207.191,338.382,276.288,-240.667,521.960,1751.510,203.980
784,37438.47000,198.672,70.916,-219.144,357.651,263.380,-218.357,58.960,1439.510,216.980
785,37438.82000,187.799,84.998,-283.891,369.345,267.830,-197.640,-264.040,1106.510,266.980
786,37438.102000,230.301,62.868,-241.058,361.700,277.463,-197.442,-170.040,-314.490,-390.020
787,37438.143000,128.494,13.580,-100.607,363.577,273.405,-206.354,1219.960,554.510,135.980
788,37438.184000,259.954,-3.521,-231.097,367.389,265.848,-198.669,35.960,588.510,-19.020
789,37438.223000,253.035,-53.815,-72.716,375.121,264.089,-193.788,-2.040,493.510,48.980
790,37438.263000,253.035,14.585,-94.630,382.866,261.576,-179.118,-144.040,504.510,51.980
791,37438.307000,205.591,62.868,-102.599,380.947,261.708,-172.254,-55.040,394.510,59.980
792,37438.353000,205.591,92.039,-99.611,389.690,263.907,-164.342,6.960,437.510,139.980
793,37438.388000,218.440,25.650,-85.665,392.534,257.204,-161.542,748.960,623.510,32.980
794,37438.427000,272.803,-30.680,-87.658,399.211,247.561,-161.742,1106.960,619.510,38.980
795,37438.447000,291.583,109.139,-59.767,400.110,240.753,-162.872,722.960,609.510,30.980
796,37438.487000,247.104,38.727,-69.728,409.683,228.420,-154.300,-234.040,420.510,128.980
797,37438.527000,244.139,-9.556,-82.677,410.691,229.703,-140.540,5.960,501.510,178.980
798,37438.567000,239.197,-2.515,-79.689,415.600,234.841,-129.628,-101.040,562.510,108.980
799,37438.602000,254.023,4.527,-52.794,422.357,231.240,-119.887,-247.040,621.510,172.980
800,37438.645000,260.942,-11.568,-43.829,427.223,230.683,-103.218,-40.040,671.510,166.980
801,37438.685000,241.174,7.544,-26.895,432.965,222.217,-93.588,-37.040,512.510,116.980
802,37438.725000,248.093,6.538,-22.911,432.053,225.379,-81.751,-159.040,339.510,82.980
803,37438.745000,242.162,1.509,-15.938,434.959,224.566,-75.879,-247.040,259.510,38.980
804,37438.787000,248.093,-14.585,-24.903,435.959,226.646,-69.947,-287.040,42.510,6.980
805,37438.827000,244.139,-18.609,-29.883,434.971,224.674,-70.974,11.960,-46.490,-24.020
806,37438.872000,255.012,-21.627,-36.856,438.836,224.668,-72.927,308.960,-18.490,-39.020
807,37438.905000,247.104,20.621,-23.907,432.045,223.545,-76.889,206.960,-76.490,-57.020
808,37438.945000,260.942,-0.503,-28.887,433.077,231.214,-81.620,120.960,-123.490,-36.020
809,37438.985000,254.023,-48.786,-27.891,434.977,229.140,-88.526,360.960,-66.490,-47.020
810,37439.24000,254.023,45.768,-10.957,430.054,222.102,-97.519,621.960,-182.490,-148.020
811,37439.44000,254.023,73.933,-44.825,429.049,219.094,-101.510,136.960,-268.490,-67.020
812,37439.89000,258.965,20.621,-57.774,428.125,224.781,-107.270,101.960,-153.490,-3.020
813,37439.123000,258.965,9.556,-73.712,426.218,227.674,-107.210,104.960,94.510,14.980
814,37439.164000,265.884,19.615,-53.790,434.006,229.972,-94.394,-401.040,612.510,133.980
815,37439.204000,233.266,38.727,-23.907,434.969,226.421,-79.761,-540.040,473.510,59.980
816,37439.244000,245.127,0.503,-0.996,434.973,224.695,-69.992,-900.040,53.510,51.980
817,37439.283000,251.058,-33.697,-6.973,435.020,228.665,-65.982,-381.040,-75.490,71.980
818,37439.324000,242.162,-35.709,0.996,437.872,223.817,-67.064,-140.040,-155.490,56.980
819,37439.365000,276.757,13.580,4.981,435.020,229.550,-69.885,49.960,-338.490,-41.020
820,37439.385000,318.270,-6.538,-2.988,433.103,233.220,-78.633,-167.040,-403.490,-60.020
821,37439.423000,286.641,-19.615,-47.813,433.075,231.192,-82.601,73.960,-172.490,-123.020
822,37439.468000,260.942,-58.845,78.693,430.179,231.229,-79.664,-142.040,230.510,114.980
823,37439.507000,248.093,-33.697,117.541,434.962,221.071,-58.305,-365.040,962.510,468.980
824,37439.548000,245.127,-4.527,77.696,443.807,227.757,-22.834,-250.040,1330.510,333.980
825,37439.588000,257.977,1.509,61.759,442.851,224.339,-1.337,110.960,1565.510,161.980
826,37439.628000,229.313,28.668,27.891,445.846,226.136,34.993,145.960,1672.510,83.980
827,37439.663000,245.127,12.574,16.934,439.101,221.928,67.247,313.960,1675.510,32.980
828,37439.685000,250.069,-29.674,-10.957,434.380,227.403,97.760,315.960,1395.510,141.980
829,37439.725000,201.637,16.597,-44.825,430.549,227.732,114.430,613.960,1142.510,171.980
830,37439.767000,198.672,39.733,-106.584,430.591,231.659,116.479,794.960,401.510,65.980
831,37439.804000,211.521,24.644,-118.537,426.654,227.457,103.628,274.960,-569.490,-2.020
832,37439.845000,285.652,-10.562,9.961,434.375,225.591,103.603,-400.040,-462.490,137.980
833,37439.885000,262.919,-11.568,33.868,437.232,225.188,83.987,-95.040,-794.490,35.980
834,37439.924000,252.046,23.639,45.821,443.043,228.826,70.351,-151.040,-750.490,-25.020
835,37439.965000,256.000,-11.568,19.922,443.955,224.779,62.418,-671.040,-709.490,2.980
836,37439.987000,256.988,-61.862,18.926,444.834,217.777,52.457,59.960,-510.490,96.980
837,37440.28000,255.012,-10.562,20.918,445.803,220.440,40.751,446.960,-359.490,50.980
838,37440.67000,258.965,-10.562,19.922,445.779,218.455,38.745,58.960,-330.490,21.980
839,37440.107000,252.046,12.574,33.868,446.786,225.002,27.125,165.960,-377.490,-47.020
840,37440.143000,248.093,-16.597,33.868,449.677,225.807,18.323,-101.040,-446.490,-21.020
841,37440.184000,257.977,31.686,15.938,451.618,228.523,8.581,-38.040,-453.490,-120.020
842,37440.223000,256.988,7.544,0.996,447.697,224.472,2.598,-636.040,-498.490,-83.020
843,37440.263000,256.000,-1.509,-3.984,447.756,231.204,-0.194,-307.040,-427.490,-56.020
844,37440.307000,256.988,-8.550,-4.981,446.771,231.022,-8.045,-247.040,-361.490,-49.020
845,37440.323000,256.988,-55.827,2.988,445.823,233.838,-11.908,147.960,-261.490,-47.020
846,37440.365000,244.139,-5.532,-9.961,443.884,235.546,-21.680,229.960,-240.490,-87.020
847,37440.407000,254.023,34.703,-19.922,445.742,228.661,-26.733,50.960,-251.490,-57.020
848,37440.448000,258.965,-8.550,-12.949,442.899,236.248,-33.435,-17.040,-219.490,-32.020
849,37440.485000,250.069,0.503,-17.930,441.979,241.093,-33.329,17.960,-168.490,-46.020
850,37440.527000,257.977,-21.627,-12.949,442.895,237.090,-39.300,205.960,-114.490,-23.020
851,37440.565000,264.896,-16.597,-14.942,444.854,239.978,-41.193,420.960,-42.490,-81.020
852,37440.605000,261.931,4.527,-11.953,439.031,239.749,-49.056,476.960,-82.490,-114.020
853,37440.627000,287.629,53.815,10.957,436.054,233.723,-57.041,99.960,-114.490,-93.020
854,37440.668000,304.432,71.921,6.973,437.107,242.470,-56.845,-71.040,-138.490,-9.020
855,37440.704000,286.641,69.910,-17.930,439.022,239.663,-52.980,-469.040,-83.490,107.980
856,37440.748000,203.614,86.004,-83.673,441.935,238.030,-40.262,-692.040,521.510,126.980
857,37440.789000,183.846,74.939,-108.576,441.075,246.974,-30.259,-90.040,323.510,-402.020
858,37440.824000,189.776,48.786,-113.556,433.373,250.782,-30.190,1074.960,534.510,-672.020
859,37440.869000,202.625,-1.509,-192.249,421.877,263.203,-33.861,1054.960,323.510,-750.020
860,37440.909000,217.452,62.868,-160.374,414.360,288.155,-43.130,-351.040,-468.490,-825.020
861,37440.929000,242.162,-22.633,-178.303,404.762,296.712,-46.883,-1039.040,-1075.490,-487.020
862,37440.965000,262.919,-2.515,-144.436,396.985,297.155,-67.483,-743.040,-1765.490,-166.020
863,37441.4000,280.710,-17.603,-164.358,387.308,302.325,-92.886,-993.040,-2056.490,-154.020
864,37441.49000,288.618,-37.721,-167.346,385.352,304.744,-114.411,-821.040,-2272.490,-187.020
865,37441.88000,257.977,-28.668,-116.545,365.998,311.546,-149.605,-356.040,-2222.490,-112.020
866,37441.128000,241.174,-4.527,-111.564,353.337,309.740,-182.034,-258.040,-2024.490,-57.020
867,37441.168000,232.278,-1.509,-90.646,333.013,314.742,-210.404,-325.040,-1627.490,-12.020
868,37441.208000,220.417,-6.538,-54.786,312.570,307.166,-237.094,-9.040,-1216.490,12.980
869,37441.248000,206.579,16.597,-25.899,300.926,305.844,-247.935,327.960,-502.490,17.980
870,37441.268000,219.429,22.633,12.949,300.827,296.093,-250.113,339.960,118.510,60.980
871,37441.308000,228.324,18.609,25.899,304.692,294.318,-244.260,428.960,1136.510,159.980
872,37441.347000,308.386,9.556,52.794,323.000,283.235,-226.816,743.960,1913.510,234.980
873,37441.385000,364.726,39.733,-18.926,352.843,263.614,-205.614,1150.960,2379.510,197.980
874,37441.442000,268.849,57.839,-108.576,356.706,259.185,-188.052,-406.040,629.510,49.980
875,37441.465000,228.324,43.756,-62.755,371.281,260.815,-164.449,-924.040,901.510,637.980
876,37441.505000,334.085,-22.633,-46.817,378.070,258.400,-144.875,-388.040,487.510,326.980
877,37441.548000,363.737,63.874,-12.949,379.951,253.500,-147.922,698.960,381.510,2.980
878,37441.567000,230.301,76.951,-57.774,382.801,248.631,-149.985,886.960,227.510,223.980
879,37441.607000,249.081,-35.709,-69.728,380.679,230.964,-158.227,777.960,235.510,223.980
880,37441.648000,242.162,50.798,-69.728,388.411,230.090,-157.250,402.960,250.510,82.980
881,37441.688000,242.162,49.792,-50.802,388.319,220.403,-156.484,0.960,101.510,137.980
882,37441.728000,251.058,4.527,-67.735,389.368,227.359,-149.463,-410.040,-67.490,109.980
883,37441.768000,249.081,5.532,-78.693,391.333,229.428,-144.510,-392.040,29.510,67.980
884,37441.808000,250.069,6.538,-59.767,391.373,233.333,-143.442,-220.040,81.510,31.980
885,37441.848000,242.162,18.609,-49.805,392.279,226.589,-141.629,-286.040,-20.490,26.980
886,37441.889000,254.023,5.532,-46.817,390.422,234.359,-140.479,-277.040,-139.490,-13.020
887,37441.909000,244.139,2.515,-60.763,393.386,241.140,-142.284,-239.040,-256.490,-57.020
888,37441.949000,232.278,7.544,-62.755,389.436,234.177,-148.331,-18.040,-315.490,-87.020
889,37441.988000,242.162,-2.515,-66.739,385.570,235.930,-155.165,-75.040,-421.490,-85.020
890,37442.29000,242.162,-19.615,-57.774,382.652,235.751,-162.039,-74.040,-526.490,-140.020
891,37442.69000,244.139,-15.591,-67.735,370.114,242.165,-173.691,185.960,-742.490,-181.020
892,37442.109000,248.093,41.745,-93.634,365.269,245.570,-193.239,239.960,-840.490,-267.020
893,37442.149000,294.548,61.862,-84.669,350.767,249.916,-209.845,284.960,-867.490,-407.020
894,37442.198000,282.687,-22.633,-84.669,341.024,247.406,-231.495,561.960,-874.490,-397.020
895,37442.207000,278.734,21.627,-78.693,325.479,245.745,-256.082,507.960,-1085.490,-152.020
896,37442.247000,289.606,37.721,-89.650,315.767,246.169,-276.687,-185.040,-1279.490,-15.020
897,37442.285000,265.884,12.574,-100.607,304.287,258.741,-273.490,-1220.040,-1196.490,47.980
898,37442.328000,205.591,50.798,-219.144,286.072,277.764,-282.912,-1103.040,-1581.490,-106.020
899,37442.368000,188.788,27.662,-183.284,267.799,290.077,-288.562,-906.040,-1530.490,-115.020
900,37442.409000,146.286,15.591,-87.658,248.520,298.475,-295.281,-354.040,-944.490,33.980
901,37442.445000,108.726,-2.515,-71.720,253.261,290.561,-304.272,653.960,-156.490,161.980
902,37442.490000,87.969,102.098,-103.595,265.709,278.882,-311.370,1034.960,717.510,198.980
903,37442.510000,122.564,91.033,-152.405,280.184,273.392,-302.635,33.960,1030.510,210.980
904,37442.547000,126.517,73.933,-167.346,299.642,279.902,-279.894,-470.040,1298.510,167.980
905,37442.593000,146.286,31.686,-182.288,324.797,274.883,-254.456,-195.040,1404.510,252.980
906,37442.628000,187.799,32.692,-172.327,344.171,272.677,-230.928,251.960,1521.510,261.980
907,37442.668000,206.579,58.845,-234.086,363.510,266.608,-206.505,-11.040,1513.510,244.980
908,37442.728000,285.652,46.774,-256.000,356.896,281.256,-199.329,-673.040,-370.490,-763.020
909,37442.749000,149.251,-10.562,-35.860,360.738,280.151,-207.191,1512.960,605.510,-239.020
910,37442.790000,218.440,29.674,-112.560,366.389,263.767,-204.601,1121.960,1041.510,-112.020
911,37442.830000,309.375,-87.010,-126.506,371.193,259.974,-202.714,397.960,405.510,98.980
912,37442.850000,239.197,25.650,-102.599,375.125,263.248,-187.923,-608.040,439.510,321.980
913,37442.890000,237.220,35.709,-87.658,383.835,260.722,-174.231,-533.040,436.510,158.980
914,37442.925000,225.359,62.868,-97.619,391.602,262.826,-170.246,245.960,498.510,126.980
915,37442.967000,227.336,8.550,-80.685,395.311,244.589,-162.797,463.960,598.510,133.980
916,37443.9000,265.884,0.503,-77.696,404.048,246.724,-157.828,466.960,561.510,110.980
917,37443.48000,260.942,24.644,-69.728,404.987,242.936,-153.988,652.960,528.510,76.980
918,37443.88000,261.931,74.939,-73.712,410.774,240.188,-149.133,-71.040,465.510,170.980
919,37443.128000,249.081,-6.538,-79.689,413.673,236.656,-134.495,-139.040,529.510,236.980
920,37443.148000,256.000,26.656,-55.782,424.313,233.222,-118.859,-153.040,584.510,171.980
921,37443.187000,243.151,4.527,-46.817,429.181,232.686,-101.208,-467.040,626.510,215.980
922,37443.228000,245.127,-16.597,-28.887,433.999,229.022,-93.434,-182.040,461.510,148.980
923,37443.267000,239.197,-14.585,-26.895,433.991,226.304,-84.669,-91.040,302.510,77.980
924,37443.307000,239.197,-1.509,-24.903,432.103,231.139,-84.565,113.960,124.510,36.980
925,37443.352000,256.000,4.527,-41.837,435.916,224.467,-80.783,141.960,85.510,9.980
926,37443.392000,250.069,18.609,-41.837,434.962,225.472,-78.801,-150.040,191.510,49.980
927,37443.427000,243.151,8.550,-32.872,440.759,223.695,-73.925,-106.040,126.510,45.980
928,37443.452000,257.977,-5.532,-35.860,438.848,225.661,-71.924,-92.040,68.510,53.980
929,37443.494000,256.988,11.568,-43.829,438.795,219.879,-70.091,57.960,156.510,27.980
930,37443.529000,258.965,11.568,-35.860,437.900,225.845,-63.096,-74.040,288.510,22.980
931,37443.567000,245.127,33.697,-42.833,439.780,218.291,-54.434,-276.040,245.510,15.980
932,37443.612000,252.046,21.627,-10.957,440.844,228.031,-53.235,-233.040,67.510,-56.020
933,37443.652000,250.069,-53.815,-18.926,445.674,227.129,-52.264,25.960,1.510,16.980
934,37443.688000,255.012,-26.656,-46.817,444.704,226.213,-49.344,120.960,78.510,-29.020
935,37443.730000,254.023,26.656,-2.988,438.919,228.983,-53.218,148.960,85.510,-87.020
936,37443.770000,260.942,-15.591,-9.961,440.794,222.271,-50.421,-284.040,-11.490,9.980
937,37443.792000,266.873,-49.792,-34.864,442.762,225.245,-48.389,170.960,76.510,-1.020
938,37443.832000,255.012,-14.585,-16.934,437.911,224.184,-50.384,403.960,58.510,-112.020
939,37443.872000,258.965,5.532,15.938,437.979,231.886,-53.155,99.960,-105.490,-55.020
940,37443.912000,277.745,-12.574,6.973,436.949,225.987,-56.230,285.960,-54.490,15.980
941,37443.950000,301.467,-7.544,59.767,435.986,226.905,-58.173,224.960,154.510,15.980
942,37444.1000,266.873,-12.574,50.802,439.820,221.312,-49.463,-602.040,407.510,399.980
943,37444.32000,247.104,15.591,63.751,442.757,219.916,-25.952,-920.040,733.510,409.980
944,37444.69000,233.266,10.562,50.802,447.636,218.604,0.507,-709.040,955.510,194.980
945,37444.89000,239.197,1.509,33.868,444.778,217.238,27.929,-42.040,1171.510,8.980
946,37444.133000,230.301,10.562,22.911,440.030,222.455,46.667,924.960,1233.510,-156.020
947,37444.168000,222.394,13.580,24.903,439.181,230.622,65.479,866.960,1218.510,-66.020
948,37444.209000,234.255,16.597,30.879,437.282,230.948,81.173,-217.040,1032.510,142.980
949,37444.250000,236.232,-17.603,12.949,436.316,223.905,114.357,-1243.040,817.510,295.980
950,37444.290000,207.568,-31.686,-27.891,435.266,211.663,131.735,-844.040,337.510,200.980
951,37444.332000,210.533,-38.727,-62.755,436.204,209.623,126.789,493.960,-254.490,-33.020
952,37444.372000,324.201,-10.562,151.409,434.332,219.011,113.264,884.960,-166.490,157.980
953,37444.393000,265.884,-3.521,60.763,437.205,219.643,96.613,705.960,-552.490,17.980
954,37444.427000,271.815,-58.845,21.914,442.964,218.384,80.906,332.960,-598.490,64.980
955,37444.468000,238.208,-11.568,45.821,442.036,224.912,69.281,571.960,-510.490,14.980
956,37444.513000,245.127,29.674,51.798,445.787,215.888,54.379,152.960,-553.490,5.980
957,37444.553000,251.058,-10.562,34.864,447.754,222.379,39.817,401.960,-574.490,76.980
958,37444.588000,258.965,42.750,15.938,448.686,222.044,24.121,385.960,-576.490,46.980
959,37444.632000,261.931,8.550,-6.973,446.743,223.708,12.386,-135.040,-545.490,12.980
960,37444.668000,261.931,21.627,-8.965,448.610,217.793,7.355,-357.040,-443.490,-19.020
961,37444.692000,253.035,-21.627,15.938,445.715,219.599,2.486,-247.040,-302.490,45.980
962,37444.729000,250.069,-11.568,17.930,445.678,216.600,-1.503,-108.040,-249.490,23.980
963,37444.770000,248.093,-13.580,21.914,444.765,223.279,-6.260,-117.040,-318.490,13.980
964,37444.812000,251.058,2.515,6.973,449.575,222.183,-14.120,-93.040,-390.490,-6.020
965,37444.849000,254.023,-36.715,1.992,449.484,215.149,-25.063,74.960,-387.490,2.980
966,37444.890000,258.965,2.515,-19.922,448.536,218.851,-32.828,53.960,-331.490,-70.020
967,37444.934000,254.023,1.509,-7.969,445.675,223.612,-35.671,-163.040,-269.490,5.980
968,37444.971000,242.162,-11.568,-4.981,439.835,220.578,-38.692,12.960,-289.490,-18.020
969,37445.13000,252.046,-15.591,-11.953,441.782,223.359,-45.491,5.960,-257.490,-22.020
970,37445.33000,255.012,-17.603,-9.961,444.683,224.250,-50.369,12.960,-201.490,-18.020
971,37445.70000,253.035,-6.538,-26.895,440.708,214.396,-55.499,227.960,-156.490,-34.020
972,37445.110000,265.884,6.538,-35.860,434.927,218.093,-61.313,195.960,-65.490,-24.020
973,37445.152000,255.012,-4.527,-23.907,441.746,222.129,-57.287,111.960,66.510,-17.020
974,37445.193000,252.046,-0.503,-12.949,445.653,226.050,-57.191,141.960,19.510,-49.020
975,37445.229000,252.046,-10.562,-20.918,442.763,227.899,-60.098,-4.040,-68.490,-62.020
976,37445.282000,256.000,-14.585,-20.918,442.674,219.118,-62.255,72.960,-56.490,-97.020
977,37445.314000,256.000,-4.527,-19.922,437.882,223.904,-63.139,44.960,-58.490,-103.020
978,37445.330000,252.046,3.521,-19.922,436.999,233.517,-66.850,-12.040,-76.490,-94.020
979,37445.370000,251.058,-5.532,-26.895,438.963,236.448,-66.781,-57.040,-81.490,-100.020
980,37445.410000,255.012,7.544,-28.887,434.076,231.525,-67.881,-3.040,-62.490,-103.020
981,37445.450000,257.977,13.580,-29.883,436.088,239.332,-66.723,-115.040,21.510,-74.020
982,37445.490000,256.000,2.515,-25.899,436.044,234.500,-65.850,-107.040,53.510,-34.020
983,37445.530000,252.046,7.544,-27.891,435.161,242.343,-61.755,46.960,106.510,-35.020
984,37445.570000,256.000,23.639,-16.934,437.093,241.456,-58.829,-310.040,96.510,-6.020
985,37445.610000,264.896,-49.792,-17.930,436.099,237.671,-54.011,-81.040,106.510,-43.020
986,37445.630000,251.058,9.556,-6.973,434.217,241.687,-47.062,-17.040,58.510,-159.020
987,37445.670000,242.162,4.527,3.984,430.360,244.411,-53.874,-341.040,-214.490,-224.020
988,37445.710000,245.127,-4.527,7.969,427.529,252.106,-55.670,-338.040,-409.490,-246.020
989,37445.750000,248.093,6.538,-9.961,424.703,261.614,-63.311,-55.040,-459.490,-232.020
990,37445.789000,255.012,29.674,-41.837,415.994,263.277,-72.118,-97.040,-425.490,-212.020
991,37445.831000,258.965,17.603,-30.879,415.986,264.075,-79.946,-133.040,-382.490,-180.020
992,37445.869000,249.081,22.633,-32.872,409.295,273.588,-85.633,-9.040,-391.490,-177.020
993,37445.910000,258.965,35.709,-39.844,408.321,274.399,-92.481,-42.040,-432.490,-157.020
994,37445.950000,263.907,33.697,-49.805,405.424,276.183,-98.332,-71.040,-441.490,-116.020
995,37445.970000,251.058,36.715,-56.778,402.513,277.837,-110.069,-91.040,-418.490,-75.020
996,37446.10000,252.046,33.697,-58.770,399.576,274.832,-113.084,-181.040,-434.490,-42.020
997,37446.49000,269.838,43.756,-44.825,394.730,274.698,-117.020,-328.040,-310.490,-20.020
998,37446.90000,255.012,56.833,-52.794,393.812,280.449,-119.836,-526.040,-490.490,-36.020
999,37446.130000,244.139,46.774,-75.704,388.100,290.964,-124.518,-446.040,-516.490,-94.020
1000,37446.172000,234.255,39.733,-99.611,389.030,287.975,-128.505,-270.040,-526.490,-206.020
1001,37446.213000,219.429,45.768,-106.584,382.282,291.663,-134.321,-171.040,-476.490,-243.020
1002,37446.253000,226.347,57.839,-112.560,374.638,302.181,-138.027,-438.040,-487.490,-298.020
1003,37446.273000,217.452,67.898,-89.650,367.946,310.809,-139.811,-514.040,-417.490,-360.020
1004,37446.313000,210.533,54.821,-98.615,361.320,326.234,-141.443,-292.040,-296.490,-397.020
1005,37446.353000,209.544,67.898,-108.576,352.615,326.171,-140.483,-56.040,-188.490,-413.020
1006,37446.393000,206.579,59.851,-91.642,345.942,336.741,-142.223,5.960,-102.490,-417.020
1007,37446.434000,196.695,45.768,-83.673,344.954,335.653,-147.153,80.960,77.510,-340.020
1008,37446.470000,193.730,39.733,-66.739,337.346,348.285,-142.966,-13.040,215.510,-237.020
1009,37446.510000,186.811,34.703,-53.790,338.325,347.518,-134.155,3.960,445.510,-77.020
1010,37446.563000,197.683,50.798,-46.817,345.112,346.850,-123.368,-7.040,786.510,-18.020
1011,37446.570000,241.174,38.727,-47.813,348.024,343.448,-102.844,57.960,1339.510,107.980
1012,37446.614000,289.606,51.804,-141.447,359.696,345.050,-79.248,65.960,1512.510,135.980
1013,37446.653000,277.745,68.904,-194.241,366.428,339.441,-72.493,475.960,965.510,273.980
1014,37446.690000,304.432,43.756,-0.996,371.274,339.575,-68.557,204.960,237.510,215.980
1015,37446.730000,251.058,111.151,-46.817,376.086,334.983,-58.843,161.960,756.510,219.980
1016,37446.770000,253.035,53.815,-34.864,381.793,321.771,-44.414,-91.040,558.510,235.980
1017,37446.810000,232.278,67.898,-10.957,385.701,322.176,-27.725,-317.040,537.510,302.980
1018,37446.852000,252.046,42.750,-13.946,394.418,320.599,-14.993,-51.040,476.510,287.980
1019,37446.893000,248.093,48.786,-11.953,396.312,314.059,-4.347,-78.040,609.510,323.980
1020,37446.913000,250.069,43.756,2.988,395.266,304.492,2.303,-231.040,478.510,231.980
